PSR_ID,PSR_Latitude,PSR_Longitude,Area_km2,Coverage_pct,Nearby_Features,Closest_SAR_File,SAR_Center_Lat,SAR_Center_Lon,Distance_km,Top_3_SAR_Files
SP_875750_3329770,-87.575,332.977,11.268,85,Haworth Crater,ch2_sar_ncxl_20210207t044223770_d_fp_d32.zip,-87.581255,-27.116391,0.22,ch2_sar_ncxl_20210207t044223770_d_fp_d32.zip; ch2_sar_ncxl_20241011t110014539_d_cp_d18.zip; ch2_sar_nrxl_20241011t110014539_d_cp_d18.zip
SP_878090_3251650,-87.809,325.165,23.245,95,Haworth Crater Cabeus Crater,ch2_sar_nrxl_20240915t154436092_d_cp_d18.zip,-87.801301,-34.822877,0.23,ch2_sar_nrxl_20240915t154436092_d_cp_d18.zip; ch2_sar_ncxl_20240915t134814524_d_cp_d18.zip; ch2_sar_ncxl_20240915t154436092_d_cp_d18.zip
SP_871460_0840750,-87.146,84.075,663.93,97,Faustini Crater,ch2_sar_ncxl_20241004t194221223_d_cp_d18.zip,-87.158947,83.88754,0.48,ch2_sar_ncxl_20241004t194221223_d_cp_d18.zip; ch2_sar_ncxl_20201019t092257302_d_fp_d18.zip; ch2_sar_nrxl_20241004t194221223_d_cp_d18.zip
SP_869800_1078330,-86.98,107.833,68.548,90,Faustini Crater Slater Crater,ch2_sar_nrxl_20201114t082810348_d_fp_d18.zip,-86.959429,107.716236,0.65,ch2_sar_nrxl_20201114t082810348_d_fp_d18.zip; ch2_sar_ncxl_20241003t025347993_d_cp_d18.zip; ch2_sar_nrxl_20241003t025347993_d_cp_d18.zip
SP_872560_3120600,-87.256,312.06,20.423,90,Cabeus Crater Haworth Crater,ch2_sar_nrxl_20241014t183939886_d_cp_d18.zip,-87.278016,-47.691222,0.76,ch2_sar_nrxl_20241014t183939886_d_cp_d18.zip; ch2_sar_ncxl_20250422t155633428_d_cp_d18.zip; ch2_sar_nrxl_20241014t164303972_d_cp_d18.zip
SP_873890_2512470,-87.389,251.247,46.926,80,Ibn Bajja Crater Sverdrup Crater,ch2_sar_nrxl_20240904t041852013_d_cp_d18.zip,-87.367821,-109.124281,0.82,ch2_sar_nrxl_20240904t041852013_d_cp_d18.zip; ch2_sar_ncxl_20240904t041852013_d_cp_d18.zip; ch2_sar_nrxl_20241001t100653927_d_cp_d18.zip
SP_861810_0724650,-86.181,72.465,22.896,80,Amundsen Crater Shoemaker Crater,ch2_sar_ncxl_20191107t072342058_d_fp_d18.zip,-86.152402,72.691023,0.98,ch2_sar_ncxl_20191107t072342058_d_fp_d18.zip; ch2_sar_nrxl_20191107t072342058_d_fp_d18.zip; ch2_sar_nrxl_20200224t091346280_d_fp_d18.zip
SP_875930_3125710,-87.593,312.571,101.833,90,Ibn Bajja Crater Haworth Crater,ch2_sar_ncxl_20240831t165341701_d_cp_d18.zip,-87.626261,-47.527712,1.02,ch2_sar_ncxl_20240831t165341701_d_cp_d18.zip; ch2_sar_nrxl_20240831t165341701_d_cp_d18.zip; ch2_sar_nrxl_20210404t205743163_d_fp_d18.zip
SP_881000_1147820,-88.1,114.782,183.172,90,Slater Crater,ch2_sar_ncxl_20221031t112356848_d_fp_d32.zip,-88.13458,114.787253,1.05,ch2_sar_ncxl_20221031t112356848_d_fp_d32.zip; ch2_sar_nrxl_20221031t112356848_d_fp_d32.zip; ch2_sar_ncxl_20250923t201207530_d_cp_d18.zip
SP_896450_1282030,-89.645,128.203,233.698,65,Shackleton Crater,ch2_sar_ncxl_20250917t163359347_d_cp_n18.zip,-89.644607,122.086082,1.15,ch2_sar_ncxl_20250917t163359347_d_cp_n18.zip; ch2_sar_nrxl_20250917t163359347_d_cp_n18.zip; ch2_sar_ncxl_20210410t081806180_d_fp_d18.zip
SP_873660_3292250,-87.366,329.225,33.725,30,"Haworth Crater, Malapert Mountain",ch2_sar_ncxl_20240926t140554081_d_cp_d18.zip,-87.331446,-30.387461,1.18,ch2_sar_ncxl_20240926t140554081_d_cp_d18.zip; ch2_sar_nrxl_20240926t140554081_d_cp_d18.zip; ch2_sar_nrxl_20210403t015021255_d_fp_d18.zip
SP_887280_1688800,-88.728,168.88,88.607,85,Sverdrup Crater Slater Crater,ch2_sar_nrxl_20250915t231559416_d_cp_d18.zip,-88.682797,169.13053,1.38,ch2_sar_nrxl_20250915t231559416_d_cp_d18.zip; ch2_sar_ncxl_20250915t231559416_d_cp_d18.zip; ch2_sar_nrxl_20250915t152405159_d_cp_d18.zip
SP_887220_3463610,-88.722,346.361,55.674,0,Haworth Crater Shackleton Crater,ch2_sar_nrxl_20250930t000207934_d_cp_d18.zip,-88.771014,-14.074734,1.51,ch2_sar_nrxl_20250930t000207934_d_cp_d18.zip; ch2_sar_nrxl_20250929t121426137_d_cp_d18.zip; ch2_sar_nrxl_20250929t002650515_d_cp_d18.zip
SP_882670_1568690,-88.267,156.869,10.897,0,Sverdrup Crater Slater Crater,ch2_sar_ncxl_20221027t081654505_d_fp_d32.zip,-88.303479,158.083833,1.56,ch2_sar_ncxl_20221027t081654505_d_fp_d32.zip; ch2_sar_nrxl_20221027t081654505_d_fp_d32.zip; ch2_sar_ncxl_20251014t020832616_d_cp_d18.zip
SP_858910_0680440,-85.891,68.044,17.258,100,Shoemaker Crater Amundsen Crater,ch2_sar_nrxl_20210301t225151472_d_fp_d32.zip,-85.887755,67.293397,1.63,ch2_sar_nrxl_20210301t225151472_d_fp_d32.zip; ch2_sar_ncxl_20210301t225151472_d_fp_d32.zip; ch2_sar_nrxl_20191107t072342058_d_fp_d18.zip
SP_823050_2226590,-82.305,222.659,30.334,100,Kocher Crater Laveran Crater,ch2_sar_nrxl_20211021t203526148_d_fp_d18.zip,-82.359411,-137.491644,1.76,ch2_sar_nrxl_20211021t203526148_d_fp_d18.zip; ch2_sar_nrxl_20210924t151304673_d_fp_d18.zip; ch2_sar_ncxl_20211021t203526148_d_fp_d18.zip
SP_824700_2291520,-82.47,229.152,15.797,75,Ashbrook Crater Kocher Crater,ch2_sar_nrxl_20210827t232320179_d_fp_d18.zip,-82.468681,-131.32094,1.88,ch2_sar_nrxl_20210827t232320179_d_fp_d18.zip; ch2_sar_nrxl_20220207t124047927_d_fp_d18.zip; ch2_sar_nrxl_20230324t023452659_d_fp_d32.zip
SP_822410_0595740,-82.241,59.574,12.406,100,von Baeyer Crater,ch2_sar_ncxl_20231014t083449362_d_fp_d18.zip,-82.281774,59.974718,2.05,ch2_sar_ncxl_20231014t083449362_d_fp_d18.zip; ch2_sar_nrxl_20231014t063649701_d_fp_d18.zip; ch2_sar_nrxl_20231014t083449362_d_fp_d18.zip
SP_882490_2164550,-88.249,216.455,548.791,90,Sverdrup Crater,ch2_sar_ncxl_20210316t083945788_d_fp_d18.zip,-88.274365,-145.616915,2.06,ch2_sar_ncxl_20210316t083945788_d_fp_d18.zip; ch2_sar_ncxl_20210316t064045741_d_fp_d18.zip; ch2_sar_ncxl_20210316t024244412_d_fp_d18.zip
SP_890390_3377770,-89.039,337.777,60.358,0,Haworth Crater Shackleton Crater,ch2_sar_ncxl_20250930t114950175_d_cp_d18.zip,-88.989875,-19.437723,2.08,ch2_sar_ncxl_20250930t114950175_d_cp_d18.zip; ch2_sar_nrxl_20250930t114950175_d_cp_d18.zip; ch2_sar_ncxl_20250930t134745595_d_cp_d18.zip
SP_824450_2271370,-82.445,227.137,19.994,75,Ashbrook Crater Kocher Crater,ch2_sar_ncxl_20230324t082854662_d_fp_d32.zip,-82.473308,-133.459192,2.52,ch2_sar_ncxl_20230324t082854662_d_fp_d32.zip; ch2_sar_nrxl_20230324t082854662_d_fp_d32.zip; ch2_sar_nrxl_20210827t232320179_d_fp_d18.zip
SP_874430_1188390,-87.443,118.839,61.47,80,Slater Crater,ch2_sar_nrxl_20250410t210709087_d_cp_d18.zip,-87.394908,120.363917,2.54,ch2_sar_nrxl_20250410t210709087_d_cp_d18.zip; ch2_sar_ncxl_20250410t210709087_d_cp_d18.zip; ch2_sar_ncxl_20241003t045028559_d_cp_d18.zip
SP_878530_3185060,-87.853,318.506,11.239,90,Ibn Bajja Crater Haworth Crater,ch2_sar_nrxl_20221010t145416101_d_fp_d32.zip,-87.939222,-41.951889,2.66,ch2_sar_nrxl_20221010t145416101_d_fp_d32.zip; ch2_sar_ncxl_20240821t063704126_d_cp_d18.zip; ch2_sar_nrxl_20240821t063704126_d_cp_d18.zip
SP_874930_3578760,-87.493,357.876,1017.932,50,Haworth Crater,ch2_sar_nrxl_20250322t155427984_d_cp_d18.zip,-87.548711,-0.523148,2.69,ch2_sar_nrxl_20250322t155427984_d_cp_d18.zip; ch2_sar_ncxl_20250418t213621818_d_cp_d18.zip; ch2_sar_ncxl_20250322t155427984_d_cp_d18.zip
SP_889130_1507620,-88.913,150.762,15.556,5,Sverdrup Crater Slater Crater,ch2_sar_nrxl_20250917t044536401_d_cp_d18.zip,-88.832078,152.832944,2.75,ch2_sar_nrxl_20250917t044536401_d_cp_d18.zip; ch2_sar_ncxl_20250917t044536401_d_cp_d18.zip; ch2_sar_nrxl_20251015t034137933_d_cp_d18.zip
SP_878330_1263810,-87.833,126.381,10.696,50,Slater Crater,ch2_sar_nrxl_20220928t074707235_d_fp_d32.zip,-87.924181,127.248049,2.93,ch2_sar_nrxl_20220928t074707235_d_fp_d32.zip; ch2_sar_nrxl_20220928t054903576_d_fp_d32.zip; ch2_sar_nrxl_20220928t094510917_d_fp_d32.zip
SP_822730_2243490,-82.273,224.349,15.289,100,Kocher Crater Laveran Crater,ch2_sar_ncxl_20211021t203526148_d_fp_d18.zip,-82.337454,-136.194228,2.95,ch2_sar_ncxl_20211021t203526148_d_fp_d18.zip; ch2_sar_ncxl_20230324t122453603_d_fp_d32.zip; ch2_sar_ncxl_20210924t151304673_d_fp_d18.zip
SP_880260_0452790,-88.026,45.279,1075.518,95,Shoemaker crater,ch2_sar_nrxl_20240909t122014006_d_cp_d18.zip,-87.937534,47.205922,3.38,ch2_sar_nrxl_20240909t122014006_d_cp_d18.zip; ch2_sar_ncxl_20240909t122014006_d_cp_d18.zip; ch2_sar_nrxl_20240909t102349599_d_cp_d18.zip
SP_889970_3170870,-88.997,317.087,44.284,0,de Gerlache Crater Haworth Crater,ch2_sar_ncxl_20251001t132254253_d_cp_d18.zip,-88.901755,-46.991285,3.67,ch2_sar_ncxl_20251001t132254253_d_cp_d18.zip; ch2_sar_nrxl_20251001t132254253_d_cp_d18.zip; ch2_sar_ncxl_20251001t112457689_d_cp_d18.zip
SP_825890_0285130,-82.589,28.513,11.779,80,Scott Crater Malapert E,ch2_sar_nrxl_20230311t220142252_d_fp_n18.zip,-82.467817,28.633833,3.71,ch2_sar_nrxl_20230311t220142252_d_fp_n18.zip; ch2_sar_ncxl_20230311t220142252_d_fp_n18.zip; ch2_sar_ncxl_20210911t134720576_d_fp_d18.zip
SP_871270_0406840,-87.127,40.684,30.614,90,Shoemaker Crater Nobile Crater,ch2_sar_ncxl_20241018t061442850_d_cp_d18.zip,-87.241249,41.951325,3.95,ch2_sar_ncxl_20241018t061442850_d_cp_d18.zip; ch2_sar_nrxl_20241018t061442850_d_cp_d18.zip; ch2_sar_ncxl_20240909t220205679_d_cp_d18.zip
SP_867440_0218610,-86.744,21.861,237.287,85,Haworth Crater Shoemaker Crater,ch2_sar_ncxl_20201022t140200748_d_fp_d18.zip,-86.757215,24.303142,4.22,ch2_sar_ncxl_20201022t140200748_d_fp_d18.zip; ch2_sar_nrxl_20201022t140200748_d_fp_d18.zip; ch2_sar_nrxl_20210304t171855578_d_fp_d32.zip
SP_868670_2973140,-86.867,297.314,14.238,90,Ibn Bajja Crater Haworth Crater,ch2_sar_ncxl_20201030t203407740_d_fp_d18.zip,-86.947808,-60.538501,4.28,ch2_sar_ncxl_20201030t203407740_d_fp_d18.zip; ch2_sar_nrxl_20201030t203407740_d_fp_d18.zip; ch2_sar_ncxl_20240928t151740230_d_cp_d18.zip
SP_834700_1757740,-83.47,175.774,113.414,95,Wiechert E,ch2_sar_nrxl_20220821t050453752_d_fp_d32.zip,-83.327114,175.501113,4.44,ch2_sar_nrxl_20220821t050453752_d_fp_d32.zip; ch2_sar_ncxl_20220821t050453752_d_fp_d32.zip; ch2_sar_nrxl_20220406t102934672_d_fp_d18.zip
SP_843960_1621040,-84.396,162.104,32.022,100,Wiechert P Wiechert Crater,ch2_sar_nrxl_20190922t032857034_d_fp_d18.zip,-84.505501,163.127035,4.47,ch2_sar_nrxl_20190922t032857034_d_fp_d18.zip; ch2_sar_ncxl_20190922t032857034_d_fp_d18.zip; ch2_sar_nrxl_20230328t045536564_d_fp_d32.zip
SP_883120_2691430,-88.312,269.143,243.292,95,de Gerlache Crater,ch2_sar_nrxl_20251007t224253019_d_cp_d18.zip,-88.409191,-86.936487,4.5,ch2_sar_nrxl_20251007t224253019_d_cp_d18.zip; ch2_sar_ncxl_20251007t224253019_d_cp_d18.zip; ch2_sar_ncxl_20210410t061955288_d_fp_d18.zip
SP_860280_3443410,-86.028,344.341,12.881,60,Haworth Crater Malapert Crater Cabeus Crater,ch2_sar_nrxl_20251024t055401782_d_fp_d32.zip,-86.133847,-17.200684,4.53,ch2_sar_nrxl_20251024t055401782_d_fp_d32.zip; ch2_sar_ncxl_20251024t094954820_d_fp_d32.zip; ch2_sar_ncxl_20251024t114751370_d_fp_d32.zip
SP_883170_0809830,-88.317,80.983,28.66,0,Shoemaker Crater Slater Crater,ch2_sar_ncls_20200913t042439405_d_fp_d18.zip,-88.203941,77.678499,4.58,ch2_sar_ncls_20200913t042439405_d_fp_d18.zip; ch2_sar_nrls_20200913t042439405_d_fp_d18.zip; ch2_sar_ncxl_20250925t075930941_d_cp_d18.zip
SP_867930_0609460,-86.793,60.946,24.322,15,Shoemaker Crater Nobile Crater,ch2_sar_ncxl_20241005t190108445_d_cp_d18.zip,-86.833386,63.880262,5.1,ch2_sar_ncxl_20241005t190108445_d_cp_d18.zip; ch2_sar_nrxl_20241005t190108445_d_cp_d18.zip; ch2_sar_ncxl_20240908t071413894_d_cp_d18.zip
SP_822920_2211100,-82.292,221.11,16.52,95,Kocher Crater Laveran Crater,ch2_sar_ncxl_20210924t210704032_d_fp_d18.zip,-82.373939,-140.003772,5.15,ch2_sar_ncxl_20210924t210704032_d_fp_d18.zip; ch2_sar_nrxl_20211021t203526148_d_fp_d18.zip; ch2_sar_nrxl_20210924t151304673_d_fp_d18.zip
SP_820540_0583270,-82.054,58.327,12.103,90,von Baeyer Crater,ch2_sar_nrxl_20231014t083449362_d_fp_d18.zip,-82.21684,58.806958,5.32,ch2_sar_nrxl_20231014t083449362_d_fp_d18.zip; ch2_sar_ncxl_20231014t083449362_d_fp_d18.zip; ch2_sar_nrxl_20231014t063649701_d_fp_d18.zip
SP_837400_1630860,-83.74,163.086,194.702,100,Wiechert Crater,ch2_sar_nrxl_20220407t134426983_d_fp_d18.zip,-83.625195,164.297587,5.33,ch2_sar_nrxl_20220407t134426983_d_fp_d18.zip; ch2_sar_nrxl_20230328t045536564_d_fp_d32.zip; ch2_sar_ncxl_20220407t134426983_d_fp_d18.zip
SP_856730_2119650,-85.673,211.965,12.042,90,Kocher Crater Wiechert J,ch2_sar_nrxl_20200823t085159773_d_fp_d18.zip,-85.817666,-149.627544,5.66,ch2_sar_nrxl_20200823t085159773_d_fp_d18.zip; ch2_sar_ncxl_20200823t085159773_d_fp_d18.zip; ch2_sar_nrxl_20191027t022414237_d_fp_d18.zip
SP_819860_1568660,-81.986,156.866,10.732,100,Braude Crater,ch2_sar_ncxl_20230909t034916348_d_fp_d32.zip,-82.030559,155.555147,5.69,ch2_sar_ncxl_20230909t034916348_d_fp_d32.zip; ch2_sar_nrxl_20230909t034916348_d_fp_d32.zip; ch2_sar_nrxl_20220212t153919546_d_fp_d18.zip
SP_863550_0488280,-86.355,48.828,132.347,70,Shoemaker Crater Nobile Crater,ch2_sar_ncxl_20191108t184432959_d_fp_d18.zip,-86.166355,49.550012,5.9,ch2_sar_ncxl_20191108t184432959_d_fp_d18.zip; ch2_sar_ncxl_20191109t003802892_d_fp_m65.zip; ch2_sar_nrxl_20191108t184432959_d_fp_d18.zip
SP_876600_2623440,-87.66,262.344,13.936,90,de Gerlache Crater Sverdrup Crater,ch2_sar_nrxl_20250910t231859036_d_cp_d18.zip,-87.519801,-101.17058,6.18,ch2_sar_nrxl_20250910t231859036_d_cp_d18.zip; ch2_sar_ncxl_20250910t231859036_d_cp_d18.zip; ch2_sar_nrxl_20210507t040855533_d_fp_d18.zip
SP_869020_0278760,-86.902,27.876,11.434,80,Haworth Crater Shoemaker Crater,ch2_sar_nrxl_20201022t140200748_d_fp_d18.zip,-86.740793,25.369964,6.45,ch2_sar_nrxl_20201022t140200748_d_fp_d18.zip; ch2_sar_ncxl_20201022t140200748_d_fp_d18.zip; ch2_sar_nrxl_20241020t202507493_d_cp_d18.zip
SP_818790_1353780,-81.879,135.378,16.272,80,Nefed'ev Crater,ch2_sar_ncxl_20230330t175159785_d_fp_d32.zip,-82.092137,135.390073,6.46,ch2_sar_ncxl_20230330t175159785_d_fp_d32.zip; ch2_sar_nrxl_20230330t175159785_d_fp_d32.zip; ch2_sar_ncxl_20230330t155400862_d_fp_d32.zip
SP_843980_2899650,-84.398,289.965,19.771,50,Cabeus Crater Ibn Baja,ch2_sar_ncxl_20200904t212517034_d_fp_d18.zip,-84.501651,-68.074623,6.55,ch2_sar_ncxl_20200904t212517034_d_fp_d18.zip; ch2_sar_nrxl_20200904t212517034_d_fp_d18.zip; ch2_sar_nrxl_20191023t122001856_d_fp_gds.zip
SP_824820_3550120,-82.482,355.012,124.33,80,Newton B,ch2_sar_nrxl_20230314t030551380_d_fp_d32.zip,-82.319686,-3.907377,6.56,ch2_sar_nrxl_20230314t030551380_d_fp_d32.zip; ch2_sar_nrxl_20230314t030551380_d_fp_n18.zip; ch2_sar_ncxl_20230314t030551380_d_fp_d32.zip
SP_823950_3576610,-82.395,357.661,61.238,70,Newton B Malapert C,ch2_sar_nrxl_20230314t030551380_d_fp_d32.zip,-82.319686,-3.907377,6.72,ch2_sar_nrxl_20230314t030551380_d_fp_d32.zip; ch2_sar_nrxl_20230314t030551380_d_fp_n18.zip; ch2_sar_nrxl_20230313t211205713_d_fp_d32.zip
SP_854150_3078410,-85.415,307.841,127.296,85,Cabeus Crater,ch2_sar_ncxl_20191021t151236474_d_fp_d18.zip,-85.639084,-51.379538,7.04,ch2_sar_ncxl_20191021t151236474_d_fp_d18.zip; ch2_sar_nrxl_20191021t151236474_d_fp_d18.zip; ch2_sar_nrxl_20191022t010148616_d_fp_d18.zip
SP_828910_2713550,-82.891,271.355,73.746,100,Drygalski Crater Drygalski P,ch2_sar_nrxl_20210824t223233231_d_fp_d18.zip,-82.646165,-88.955887,7.52,ch2_sar_nrxl_20210824t223233231_d_fp_d18.zip; ch2_sar_ncxl_20210824t223233231_d_fp_d18.zip; ch2_sar_nrxl_20210824t163808566_d_fp_d18.zip
SP_853600_3177620,-85.36,317.762,42.566,95,Cabeus Crater,ch2_sar_nrls_20200305t114902885_d_cp_d18.zip,-85.556794,-44.18789,7.58,ch2_sar_nrls_20200305t114902885_d_cp_d18.zip; ch2_sar_ncls_20200305t114902885_d_cp_d18.zip; ch2_sar_nrls_20200305t154539649_d_cp_d18.zip
SP_823350_2167510,-82.335,216.751,16.088,100,Kocher Crater Laveran Crater,ch2_sar_nrxl_20210924t210704032_d_fp_d18.zip,-82.356333,-141.367096,7.63,ch2_sar_nrxl_20210924t210704032_d_fp_d18.zip; ch2_sar_ncxl_20230904t211341863_d_fp_n18.zip; ch2_sar_ncxl_20230325t040857748_d_fp_d32.zip
SP_821760_0111040,-82.176,11.104,300.589,90,Malapert F Malapert E,ch2_sar_nrxl_20210816t134604549_d_fp_d18.zip,-82.303307,12.776974,7.86,ch2_sar_nrxl_20210816t134604549_d_fp_d18.zip; ch2_sar_ncxl_20210816t134604549_d_fp_d18.zip; ch2_sar_nrxl_20230312t213702625_d_fp_n18.zip
SP_855490_2096710,-85.549,209.671,13.928,50,Kocher Crater Wiechert J,ch2_sar_ncxl_20200823t085159773_d_fp_d18.zip,-85.809181,-150.010044,7.92,ch2_sar_ncxl_20200823t085159773_d_fp_d18.zip; ch2_sar_nrxl_20200823t085159773_d_fp_d18.zip; ch2_sar_ncxl_20191028t075149161_d_fp_d18.zip
SP_889970_0191990,-88.997,19.199,55.408,10,Haworth Crater Shackleton Crater,ch2_sar_ncxl_20221004t131759712_d_fp_d32.zip,-88.861019,31.780418,8.21,ch2_sar_ncxl_20221004t131759712_d_fp_d32.zip; ch2_sar_ncxl_20221004t171403942_d_fp_d32.zip; ch2_sar_ncxl_20221004t151602306_d_fp_d32.zip
SP_854060_3476220,-85.406,347.622,12.211,95,Malapert Crater Cabeus Crater,ch2_sar_ncxl_20191115t074934699_d_fp_gds.zip,-85.220478,-14.841716,8.3,ch2_sar_ncxl_20191115t074934699_d_fp_gds.zip; ch2_sar_nrxl_20191115t074934699_d_fp_gds.zip; ch2_sar_ncxl_20191019t041708323_d_fp_gds.zip
SP_816240_3094250,-81.624,309.425,10.289,90,Cabeus B,ch2_sar_ncxl_20230317t221500130_d_fp_n18.zip,-81.471743,-52.184119,8.53,ch2_sar_ncxl_20230317t221500130_d_fp_n18.zip; ch2_sar_nrxl_20230317t221500130_d_fp_n18.zip; ch2_sar_ncxl_20230414t020141739_d_fp_d32.zip
SP_895060_2806850,-89.506,280.685,53.262,0,de Gerlache Crater Shackleton Crater,ch2_sar_nrxl_20251029t232923718_d_cp_d18.zip,-89.26057,-65.992446,8.57,ch2_sar_nrxl_20251029t232923718_d_cp_d18.zip; ch2_sar_ncxl_20251029t232923718_d_cp_d18.zip; ch2_sar_ncxl_20251029t153741564_d_cp_d18.zip
SP_885280_1846930,-88.528,184.693,11.606,50,Sverdrup Crater,ch2_sar_ncxl_20250914t040048219_d_cp_d18.zip,-88.811083,-177.362248,8.7,ch2_sar_ncxl_20250914t040048219_d_cp_d18.zip; ch2_sar_ncxl_20250914t000452852_d_cp_d18.zip; ch2_sar_ncxl_20251011t091651479_d_cp_d18.zip
SP_862670_2349900,-86.267,234.99,16.024,90,Sverdrup Crater Kocher Crater,ch2_sar_ncxl_20200309t201958048_d_fp_d18.zip,-86.057374,-122.04129,8.76,ch2_sar_ncxl_20200309t201958048_d_fp_d18.zip; ch2_sar_nrxl_20200309t201958048_d_fp_d18.zip; ch2_sar_ncxl_20191026t025014846_d_fp_d18.zip
SP_847720_1650130,-84.772,165.013,11.588,85,Wiechert J Wiechert P,ch2_sar_ncxl_20190922t032857034_d_fp_d18.zip,-84.502895,163.54063,9.16,ch2_sar_ncxl_20190922t032857034_d_fp_d18.zip; ch2_sar_nrxl_20190922t032857034_d_fp_d18.zip; ch2_sar_ncxl_20191101t080434690_d_fp_d18.zip
SP_883220_1475060,-88.322,147.506,50.695,60,Sverdrup Crater Slater Crater,ch2_sar_ncxl_20221027t081654505_d_fp_d32.zip,-88.303479,158.083833,9.45,ch2_sar_ncxl_20221027t081654505_d_fp_d32.zip; ch2_sar_nrxl_20221027t081654505_d_fp_d32.zip; ch2_sar_nrxl_20250920t072821637_d_cp_d18.zip
SP_855330_1655640,-85.533,165.564,17.694,80,Wiechert J Wiechert P,ch2_sar_nrxl_20191101t080434690_d_fp_d18.zip,-85.522839,169.667511,9.71,ch2_sar_nrxl_20191101t080434690_d_fp_d18.zip; ch2_sar_ncxl_20191101t080434690_d_fp_d18.zip; ch2_sar_nrxl_20191101t021112945_d_fp_d18.zip
SP_850230_1826070,-85.023,182.607,371.549,90,Wiechert J,ch2_sar_ncxl_20191031t142441960_d_fp_gds.zip,-85.311957,-179.323431,10.05,ch2_sar_ncxl_20191031t142441960_d_fp_gds.zip; ch2_sar_nrxl_20191031t142441960_d_fp_gds.zip; ch2_sar_nrxl_20191031t023746513_d_fp_d18.zip
SP_869250_0482770,-86.925,48.277,10.912,100,Shoemaker Crater Nobile Crater,ch2_sar_nrxl_20250415t090925329_d_cp_d18.zip,-87.211364,51.791256,10.25,ch2_sar_nrxl_20250415t090925329_d_cp_d18.zip; ch2_sar_ncxl_20250415t090925329_d_cp_d18.zip; ch2_sar_nrxl_20241018t061442850_d_cp_d18.zip
SP_864040_0314430,-86.404,31.443,120.575,70,Nobile Crater Haworth Crater,ch2_sar_nrxl_20191110t115852737_d_fp_d18.zip,-86.338251,26.122441,10.4,ch2_sar_nrxl_20191110t115852737_d_fp_d18.zip; ch2_sar_nrxl_20191110t234554878_d_fp_mad.zip; ch2_sar_nrxl_20200326t084516623_d_fp_d18.zip
SP_859560_3063890,-85.956,306.389,12.787,80,Cabeus Crater,ch2_sar_ncxl_20191021t151236474_d_fp_d18.zip,-85.639084,-51.379538,10.81,ch2_sar_ncxl_20191021t151236474_d_fp_d18.zip; ch2_sar_nrxl_20191021t151236474_d_fp_d18.zip; ch2_sar_nrxl_20191022t010148616_d_fp_d18.zip
SP_823280_2534270,-82.328,253.427,15.588,95,Ashbrook Crater,ch2_sar_ncxl_20210922t175901428_d_fp_d18.zip,-82.533862,-108.816777,10.92,ch2_sar_ncxl_20210922t175901428_d_fp_d18.zip; ch2_sar_ncxl_20230322t091634285_d_fp_d32.zip; ch2_sar_nrxl_20230322t091634285_d_fp_d32.zip
SP_816910_3053810,-81.691,305.381,376.916,100,Cabeus B,ch2_sar_nrxl_20230317t221500130_d_fp_n18.zip,-81.483329,-52.466836,11.44,ch2_sar_nrxl_20230317t221500130_d_fp_n18.zip; ch2_sar_ncxl_20230317t221500130_d_fp_n18.zip; ch2_sar_nrxl_20210821t214152392_d_fp_d18.zip
SP_846940_1753570,-84.694,175.357,30.427,80,Wiechert J Wiechert E,ch2_sar_nrxl_20220406t142256078_d_fp_d18.zip,-84.341449,173.858322,11.54,ch2_sar_nrxl_20220406t142256078_d_fp_d18.zip; ch2_sar_ncxl_20220406t142256078_d_fp_d18.zip; ch2_sar_nrxl_20200509t203322079_d_fp_d18.zip
SP_831370_3119250,-83.137,311.925,12.244,100,Cabeus B Cabeus Crater,ch2_sar_nrxl_20230413t200826011_d_fp_n18.zip,-83.291417,-51.039267,11.61,ch2_sar_nrxl_20230413t200826011_d_fp_n18.zip; ch2_sar_ncxl_20230413t200826011_d_fp_n18.zip; ch2_sar_ncxl_20220907t115402988_d_fp_d32.zip
SP_867870_0536640,-86.787,53.664,11.444,90,Shoemaker Crater Nobile Crater,ch2_sar_ncxl_20250415t090925329_d_cp_d18.zip,-87.175976,53.19623,11.82,ch2_sar_ncxl_20250415t090925329_d_cp_d18.zip; ch2_sar_nrxl_20250415t090925329_d_cp_d18.zip; ch2_sar_ncxl_20241005t190108445_d_cp_d18.zip
SP_865300_2381460,-86.53,238.146,10.361,50,Sverdrup Crater Kocher Crater,ch2_sar_ncxl_20250401t055412571_d_cp_d32.zip,-86.877836,-118.209275,12.31,ch2_sar_ncxl_20250401t055412571_d_cp_d32.zip; ch2_sar_nrxl_20250401t055412571_d_cp_d32.zip; ch2_sar_nrxl_20200309t201958048_d_fp_d18.zip
SP_862590_2848540,-86.259,284.854,58.511,90,Ibn Bajja Crater,ch2_sar_ncxl_20240822t173210604_d_cp_d18.zip,-86.622082,-71.683058,12.79,ch2_sar_ncxl_20240822t173210604_d_cp_d18.zip; ch2_sar_nrxl_20240822t173210604_d_cp_d18.zip; ch2_sar_ncxl_20240822t212502336_d_cp_d18.zip
SP_853570_0498630,-85.357,49.863,139.342,90,Nobile Crater,ch2_sar_nrxl_20191012t190304893_d_fp_d18.zip,-85.776809,50.882889,12.95,ch2_sar_nrxl_20191012t190304893_d_fp_d18.zip; ch2_sar_ncxl_20191012t190304893_d_fp_d18.zip; ch2_sar_ncxl_20240908t224526791_d_cp_d18.zip
SP_849430_2908700,-84.943,290.87,49.381,95,Ibn Bajja Crater Cabeus Crater,ch2_sar_ncxl_20200904t212517034_d_fp_d18.zip,-84.501651,-68.074623,13.7,ch2_sar_ncxl_20200904t212517034_d_fp_d18.zip; ch2_sar_nrxl_20200904t212517034_d_fp_d18.zip; ch2_sar_nrxl_20191023t122001856_d_fp_gds.zip
SP_814340_3246240,-81.434,324.624,19.368,90,Cabeus A,ch2_sar_ncxl_20230412t183406495_d_fp_d32.zip,-81.796919,-33.498388,13.78,ch2_sar_ncxl_20230412t183406495_d_fp_d32.zip; ch2_sar_nrxl_20230412t183406495_d_fp_d32.zip; ch2_sar_nrxl_20230923t150508130_d_fp_d18.zip
SP_832050_0736210,-83.205,73.621,17.482,100,Amundsen Demonax B,ch2_sar_ncxl_20231013t070040354_d_fp_d18.zip,-82.759846,74.56628,13.94,ch2_sar_ncxl_20231013t070040354_d_fp_d18.zip; ch2_sar_nrxl_20231013t070040354_d_fp_d18.zip; ch2_sar_ncxl_20231013t085841972_d_fp_d18.zip
SP_832950_1495450,-83.295,149.545,114.437,95,Wiechert U,ch2_sar_nrxl_20220408t112037436_d_fp_d18.zip,-83.158252,153.391247,14.36,ch2_sar_nrxl_20220408t112037436_d_fp_d18.zip; ch2_sar_ncxl_20230302t135547305_d_fp_n18.zip; ch2_sar_nrxl_20230302t135547305_d_fp_n18.zip
SP_849450_1654340,-84.945,165.434,20.747,80,Wiechert J Wiechert P,ch2_sar_ncxl_20190922t032857034_d_fp_d18.zip,-84.502895,163.54063,14.41,ch2_sar_ncxl_20190922t032857034_d_fp_d18.zip; ch2_sar_nrxl_20190922t032857034_d_fp_d18.zip; ch2_sar_ncxl_20191101t080434690_d_fp_d18.zip
SP_818450_3211710,-81.845,321.171,22.666,100,Cabeus A,ch2_sar_nrxl_20220906t181233754_d_fp_d32.zip,-82.329626,-38.16161,14.96,ch2_sar_nrxl_20220906t181233754_d_fp_d32.zip; ch2_sar_ncxl_20220906t181233754_d_fp_d32.zip; ch2_sar_nrxl_20220906t161437330_d_fp_d32.zip
SP_830550_0674490,-83.055,67.449,129.557,100,Demonax B,ch2_sar_nrxl_20210909t063954702_d_fp_d18.zip,-82.552287,66.48937,15.67,ch2_sar_nrxl_20210909t063954702_d_fp_d18.zip; ch2_sar_ncxl_20210909t063954702_d_fp_d18.zip; ch2_sar_ncxl_20220415t161209293_d_fp_d18.zip
SP_817610_0619190,-81.761,61.919,79.142,100,von Baeyer Crater,ch2_sar_nrxl_20231014t043848050_d_fp_d18.zip,-82.273673,61.231401,15.81,ch2_sar_nrxl_20231014t043848050_d_fp_d18.zip; ch2_sar_ncxl_20231014t043848050_d_fp_d18.zip; ch2_sar_nrxl_20231014t024047511_d_fp_d18.zip
SP_830760_0866010,-83.076,86.601,28.922,100,Amundsen Crater,ch2_sar_nrxl_20220317t201608669_d_fp_d18.zip,-82.546203,87.510385,16.43,ch2_sar_nrxl_20220317t201608669_d_fp_d18.zip; ch2_sar_nrxl_20220317t221404410_d_fp_d18.zip; ch2_sar_ncxl_20220317t201608669_d_fp_d18.zip
SP_843960_2077750,-84.396,207.775,72.338,100,Kuhn Crater,ch2_sar_nrxl_20220404t095543499_d_fp_d18.zip,-83.910246,-149.049546,17.69,ch2_sar_nrxl_20220404t095543499_d_fp_d18.zip; ch2_sar_ncxl_20220404t095543499_d_fp_d18.zip; ch2_sar_nrxl_20220404t075902797_d_fp_d18.zip
SP_852830_2061020,-85.283,206.102,15.988,85,Kocher Crater Wiechert J,ch2_sar_nrxl_20191028t075149161_d_fp_d18.zip,-85.847228,-155.883588,17.73,ch2_sar_nrxl_20191028t075149161_d_fp_d18.zip; ch2_sar_ncxl_20191028t075149161_d_fp_d18.zip; ch2_sar_ncxl_20200823t085159773_d_fp_d18.zip
SP_830080_0535120,-83.008,53.512,22.424,95,Wapowski Crater,ch2_sar_nrxl_20210910t061722128_d_fp_d18.zip,-82.471219,51.655412,17.76,ch2_sar_nrxl_20210910t061722128_d_fp_d18.zip; ch2_sar_nrxl_20220831t045609006_d_fp_d32.zip; ch2_sar_nrxl_20230917t090815782_d_fp_d32.zip
SP_853730_0452650,-85.373,45.265,18.454,85,Nobile Crater,ch2_sar_nrxl_20191012t190304893_d_fp_d18.zip,-85.776809,50.882889,17.95,ch2_sar_nrxl_20191012t190304893_d_fp_d18.zip; ch2_sar_ncxl_20240908t224526791_d_cp_d18.zip; ch2_sar_nrxl_20191013t163951114_d_fp_d18.zip
SP_816970_3196200,-81.697,319.62,15.34,100,Cabeus A,ch2_sar_ncxl_20230924t085024484_d_fp_d18.zip,-82.12647,-43.435315,18.42,ch2_sar_ncxl_20230924t085024484_d_fp_d18.zip; ch2_sar_nrxl_20230924t085024484_d_fp_d18.zip; ch2_sar_ncxl_20220228t034459218_d_fp_d18.zip
SP_819690_0250940,-81.969,25.094,95.083,100,Scott E Malapert E,ch2_sar_nrxl_20231016t094507640_d_fp_d18.zip,-82.083085,29.468201,18.72,ch2_sar_nrxl_20231016t094507640_d_fp_d18.zip; ch2_sar_ncxl_20230311t220142252_d_fp_n18.zip; ch2_sar_ncxl_20231016t094507640_d_fp_d18.zip
SP_828530_0080500,-82.853,8.05,119.171,90,Malapert F Malapert E,ch2_sar_nrxl_20210913t090528253_d_fp_d18.zip,-82.295531,5.640035,19.36,ch2_sar_nrxl_20210913t090528253_d_fp_d18.zip; ch2_sar_ncxl_20210913t090528253_d_fp_d18.zip; ch2_sar_nrxl_20230312t213702625_d_fp_n18.zip
SP_830490_3505380,-83.049,350.538,101.758,100,Newton B,ch2_sar_nrxl_20220904t150549836_d_fp_d32.zip,-82.400075,-10.58921,20.15,ch2_sar_nrxl_20220904t150549836_d_fp_d32.zip; ch2_sar_ncxl_20220904t150549836_d_fp_d32.zip; ch2_sar_nrxl_20220904t091157643_d_fp_d32.zip
SP_814440_3172250,-81.444,317.225,98.23,100,Cabeus A,ch2_sar_ncxl_20230924t085024484_d_fp_d18.zip,-82.12647,-43.435315,20.89,ch2_sar_ncxl_20230924t085024484_d_fp_d18.zip; ch2_sar_nrxl_20230924t085024484_d_fp_d18.zip; ch2_sar_ncxl_20220228t034459218_d_fp_d18.zip
SP_839920_3091290,-83.992,309.129,74.405,100,Cabeus Crater,ch2_sar_ncxl_20230413t200826011_d_fp_n18.zip,-83.301769,-51.103606,20.94,ch2_sar_ncxl_20230413t200826011_d_fp_n18.zip; ch2_sar_nrxl_20230413t200826011_d_fp_n18.zip; ch2_sar_nrxl_20250327t165032158_d_cp_d18.zip
SP_816480_0652210,-81.648,65.221,79.788,70,Svedberg Crater,ch2_sar_ncxl_20230405t192424145_d_fp_d32.zip,-82.323613,63.869599,21.27,ch2_sar_ncxl_20230405t192424145_d_fp_d32.zip; ch2_sar_ncxl_20231014t004246831_d_fp_d18.zip; ch2_sar_nrxl_20231014t004246831_d_fp_d18.zip
SP_851970_2671550,-85.197,267.155,20.56,90,Ibn Bajja Crater Ashbrook Crater,ch2_sar_nrxl_20200308t144457881_d_fp_d18.zip,-85.796463,-97.531565,21.31,ch2_sar_nrxl_20200308t144457881_d_fp_d18.zip; ch2_sar_ncxl_20200308t144457881_d_fp_d18.zip; ch2_sar_ncxl_20200501t135636847_d_fp_d18.zip
SP_838910_1184700,-83.891,118.47,326.779,100,Idel'son L,ch2_sar_ncxl_20191009t103018034_d_fp_d18.zip,-84.418772,113.725077,21.69,ch2_sar_ncxl_20191009t103018034_d_fp_d18.zip; ch2_sar_nrxl_20191009t103018034_d_fp_d18.zip; ch2_sar_ncxl_20220826t030122261_d_fp_d32.zip
SP_847550_1500770,-84.755,150.077,72.857,100,Wiechert P,ch2_sar_ncxl_20191007t112201040_d_fp_d18.zip,-84.849958,142.213471,21.77,ch2_sar_ncxl_20191007t112201040_d_fp_d18.zip; ch2_sar_nrxl_20191007t112201040_d_fp_d18.zip; ch2_sar_ncxl_20191007t171529474_d_fp_d18.zip
SP_849040_3196480,-84.904,319.648,19.48,90,Cabeus Crater,ch2_sar_nrls_20200305t114902885_d_cp_d18.zip,-85.556794,-44.18789,22.02,ch2_sar_nrls_20200305t114902885_d_cp_d18.zip; ch2_sar_ncls_20200305t114902885_d_cp_d18.zip; ch2_sar_nrls_20200305t154539649_d_cp_d18.zip
SP_832600_0820620,-83.26,82.062,138.251,100,Amundsen Crater,ch2_sar_ncxl_20230404t135410450_d_fp_d32.zip,-82.553652,80.503224,22.2,ch2_sar_ncxl_20230404t135410450_d_fp_d32.zip; ch2_sar_ncxl_20231012t230833676_d_fp_d18.zip; ch2_sar_nrxl_20210908t050410006_d_fp_d18.zip
SP_832830_2218380,-83.283,221.838,11.426,75,Kocher Crater Khun Crater,ch2_sar_ncxl_20220208t063204924_d_fp_d18.zip,-82.596722,-140.254034,22.22,ch2_sar_ncxl_20220208t063204924_d_fp_d18.zip; ch2_sar_nrxl_20220208t063204924_d_fp_d18.zip; ch2_sar_ncxl_20220208t103008841_d_fp_d18.zip
SP_846960_1555270,-84.696,155.527,15.113,90,Wiechert P Wiechert Crater,ch2_sar_nrxl_20190922t032857034_d_fp_d18.zip,-84.505501,163.127035,22.42,ch2_sar_nrxl_20190922t032857034_d_fp_d18.zip; ch2_sar_ncxl_20190922t032857034_d_fp_d18.zip; ch2_sar_nrxl_20230328t045536564_d_fp_d32.zip
SP_847970_3070080,-84.797,307.008,22.626,90,Cabeus Crater,ch2_sar_nrxl_20250327t165032158_d_cp_d18.zip,-85.345761,-59.335184,23.43,ch2_sar_nrxl_20250327t165032158_d_cp_d18.zip; ch2_sar_ncxl_20250327t165032158_d_cp_d18.zip; ch2_sar_ncxl_20191021t151236474_d_fp_d18.zip
SP_837200_2975300,-83.72,297.53,10.055,90,Cabeus B Cabeus Crater,ch2_sar_nrxl_20200904t212517034_d_fp_d18.zip,-84.414223,-66.054776,23.85,ch2_sar_nrxl_20200904t212517034_d_fp_d18.zip; ch2_sar_ncxl_20200904t212517034_d_fp_d18.zip; ch2_sar_nrxl_20210918t185956336_d_fp_d18.zip
SP_834150_2749360,-83.415,274.936,37.213,90,Drygalski Crater Drygalski P Crater,ch2_sar_nrxl_20210824t163808566_d_fp_d18.zip,-82.636321,-86.048063,23.89,ch2_sar_nrxl_20210824t163808566_d_fp_d18.zip; ch2_sar_ncxl_20210824t223233231_d_fp_d18.zip; ch2_sar_ncxl_20210824t163808566_d_fp_d18.zip
SP_833060_0855030,-83.306,85.503,36.115,80,Amundsen Crater,ch2_sar_nrxl_20220317t201608669_d_fp_d18.zip,-82.546203,87.510385,24.22,ch2_sar_nrxl_20220317t201608669_d_fp_d18.zip; ch2_sar_nrxl_20220317t221404410_d_fp_d18.zip; ch2_sar_ncxl_20220317t201608669_d_fp_d18.zip
SP_850590_3238160,-85.059,323.816,46.062,95,Cabeus Crater,ch2_sar_nrls_20200305t114902885_d_cp_d18.zip,-85.556794,-44.18789,24.91,ch2_sar_nrls_20200305t114902885_d_cp_d18.zip; ch2_sar_ncxl_20191019t215745389_d_fp_d18.zip; ch2_sar_ncls_20200305t114902885_d_cp_d18.zip
SP_849420_0518590,-84.942,51.859,16.571,75,Nobile Crater,ch2_sar_nrxl_20191012t190304893_d_fp_d18.zip,-85.776809,50.882889,25.43,ch2_sar_nrxl_20191012t190304893_d_fp_d18.zip; ch2_sar_ncxl_20191012t190304893_d_fp_d18.zip; ch2_sar_ncxl_20240908t224526791_d_cp_d18.zip
SP_838890_3143320,-83.889,314.332,17.69,90,Cabeus Crater,ch2_sar_ncxl_20230413t200826011_d_fp_n18.zip,-83.301769,-51.103606,25.58,ch2_sar_ncxl_20230413t200826011_d_fp_n18.zip; ch2_sar_nrxl_20230413t200826011_d_fp_n18.zip; ch2_sar_ncxl_20230316t202542245_d_fp_d32.zip
SP_852110_2384420,-85.211,238.442,11.016,95,Kocher Crater,ch2_sar_ncxl_20200309t201958048_d_fp_d18.zip,-86.057374,-122.04129,25.69,ch2_sar_ncxl_20200309t201958048_d_fp_d18.zip; ch2_sar_nrxl_20200309t201958048_d_fp_d18.zip; ch2_sar_ncxl_20191026t025014846_d_fp_d18.zip
SP_835040_2720960,-83.504,272.096,14.872,90,Drygalski Crater Drygalski P Crater,ch2_sar_nrxl_20210824t223233231_d_fp_d18.zip,-82.646165,-88.955887,26.29,ch2_sar_nrxl_20210824t223233231_d_fp_d18.zip; ch2_sar_ncxl_20210824t223233231_d_fp_d18.zip; ch2_sar_nrxl_20210824t163808566_d_fp_d18.zip
SP_837240_0195180,-83.724,19.518,17.651,90,Malapert E,ch2_sar_ncxl_20210815t140843614_d_fp_d18.zip,-83.227204,25.879599,26.57,ch2_sar_ncxl_20210815t140843614_d_fp_d18.zip; ch2_sar_nrxl_20210815t140843614_d_fp_d18.zip; ch2_sar_nrxl_20210912t073019594_d_fp_d18.zip
SP_846850_3536460,-84.685,353.646,17.348,90,Malapert Crater,ch2_sar_nrxl_20191115t074934699_d_fp_gds.zip,-85.186629,-14.586498,26.74,ch2_sar_nrxl_20191115t074934699_d_fp_gds.zip; ch2_sar_ncxl_20191115t074934699_d_fp_gds.zip; ch2_sar_nrxl_20191018t064039201_d_fp_g26.zip
SP_846740_2192870,-84.674,219.287,28.843,85,Kocher Crater Kuhn Crater,ch2_sar_ncxl_20200822t092744183_d_fp_d18.zip,-85.493671,-136.731591,26.91,ch2_sar_ncxl_20200822t092744183_d_fp_d18.zip; ch2_sar_nrxl_20200822t092744183_d_fp_d18.zip; ch2_sar_ncxl_20220404t095543499_d_fp_d18.zip
SP_838860_2839350,-83.886,283.935,10.022,100,Drygalski Crater Ibn Bajja Crater,ch2_sar_nrxl_20191023t122001856_d_fp_gds.zip,-84.797484,-76.037247,27.64,ch2_sar_nrxl_20191023t122001856_d_fp_gds.zip; ch2_sar_ncxl_20191023t122001856_d_fp_gds.zip; ch2_sar_ncxl_20200904t212517034_d_fp_d18.zip
SP_811730_0441340,-81.173,44.134,20.416,60,Scott,ch2_sar_ncxl_20231015t081058641_d_fp_d18.zip,-82.099452,42.95132,28.57,ch2_sar_ncxl_20231015t081058641_d_fp_d18.zip; ch2_sar_ncxl_20231015t061258777_d_fp_d18.zip; ch2_sar_ncxl_20231015t100859367_d_fp_d18.zip
SP_842430_3468180,-84.243,346.818,41.069,95,Malapert Crater Cabeus Crater,ch2_sar_nrxl_20191115t074934699_d_fp_gds.zip,-85.186629,-14.586498,28.88,ch2_sar_nrxl_20191115t074934699_d_fp_gds.zip; ch2_sar_ncxl_20191115t074934699_d_fp_gds.zip; ch2_sar_nrxl_20191019t041708323_d_fp_gds.zip
SP_812090_0460390,-81.209,46.039,32.994,80,Scott Crater,ch2_sar_ncxl_20231015t061258777_d_fp_d18.zip,-82.140324,43.95219,29.69,ch2_sar_ncxl_20231015t061258777_d_fp_d18.zip; ch2_sar_nrxl_20231015t081058641_d_fp_d18.zip; ch2_sar_ncxl_20231015t001857171_d_fp_d18.zip
SP_846040_3080410,-84.604,308.041,13.583,90,Cabeus Crater,ch2_sar_nrxl_20250327t165032158_d_cp_d18.zip,-85.345761,-59.335184,29.79,ch2_sar_nrxl_20250327t165032158_d_cp_d18.zip; ch2_sar_ncxl_20250327t165032158_d_cp_d18.zip; ch2_sar_ncxl_20191021t151236474_d_fp_d18.zip
SP_835090_2977670,-83.509,297.767,17.449,80,Cabeus B Cabeus Crater,ch2_sar_nrxl_20200904t212517034_d_fp_d18.zip,-84.414223,-66.054776,30.02,ch2_sar_nrxl_20200904t212517034_d_fp_d18.zip; ch2_sar_nrxl_20210918t185956336_d_fp_d18.zip; ch2_sar_nrxl_20220202t075522545_d_fp_d18.zip
SP_832640_0090770,-83.264,9.077,32.494,100,Malapert E Malapert F,ch2_sar_nrxl_20230312t213702625_d_fp_n18.zip,-82.383034,12.831313,30.25,ch2_sar_nrxl_20230312t213702625_d_fp_n18.zip; ch2_sar_ncxl_20230312t213702625_d_fp_n18.zip; ch2_sar_nrxl_20210913t090528253_d_fp_d18.zip
SP_843560_1239210,-84.356,123.921,35.86,100,Idel'son L,ch2_sar_ncxl_20191009t103018034_d_fp_d18.zip,-84.418772,113.725077,30.26,ch2_sar_ncxl_20191009t103018034_d_fp_d18.zip; ch2_sar_nrxl_20191009t103018034_d_fp_d18.zip; ch2_sar_nrxl_20191007t171529474_d_fp_d18.zip
SP_848000_2061800,-84.8,206.18,20.624,100,Kuhn Crater,ch2_sar_nrxl_20220404t095543499_d_fp_d18.zip,-83.910246,-149.049546,30.48,ch2_sar_nrxl_20220404t095543499_d_fp_d18.zip; ch2_sar_ncxl_20220404t095543499_d_fp_d18.zip; ch2_sar_ncxl_20200823t085159773_d_fp_d18.zip
SP_804590_3088780,-80.459,308.878,15.011,100,Cabeus A Cabeus B,ch2_sar_ncxl_20230317t221500130_d_fp_n18.zip,-81.471743,-52.184119,31.12,ch2_sar_ncxl_20230317t221500130_d_fp_n18.zip; ch2_sar_nrxl_20230317t221500130_d_fp_n18.zip; ch2_sar_ncxl_20230414t020141739_d_fp_d32.zip
SP_836320_2801250,-83.632,280.125,42.995,100,Drygalski Crater Ibn Baja,ch2_sar_nrxl_20220303t082402586_d_fp_d18.zip,-82.613021,-81.000419,31.17,ch2_sar_nrxl_20220303t082402586_d_fp_d18.zip; ch2_sar_ncxl_20220303t082402586_d_fp_d18.zip; ch2_sar_nrxl_20220303t023013618_d_fp_d18.zip
SP_835240_0910150,-83.524,91.015,439.222,100,Amundsen Crater,ch2_sar_nrxl_20220317t122421278_d_fp_d18.zip,-82.494122,91.49042,31.28,ch2_sar_nrxl_20220317t122421278_d_fp_d18.zip; ch2_sar_nrxl_20220828t080644926_d_fp_d32.zip; ch2_sar_nrxl_20220317t181811066_d_fp_d18.zip
SP_835620_2995530,-83.562,299.553,10.102,100,Cabeus B Cabeus Crater,ch2_sar_nrxl_20200904t212517034_d_fp_d18.zip,-84.414223,-66.054776,31.36,ch2_sar_nrxl_20200904t212517034_d_fp_d18.zip; ch2_sar_ncxl_20230413t200826011_d_fp_n18.zip; ch2_sar_nrxl_20230413t200826011_d_fp_n18.zip
SP_843550_2251140,-84.355,225.114,76.698,100,Kocher Crater,ch2_sar_nrxl_20220817t183024203_d_fp_d18.zip,-83.423817,-130.535392,31.52,ch2_sar_nrxl_20220817t183024203_d_fp_d18.zip; ch2_sar_ncxl_20220817t183024203_d_fp_d18.zip; ch2_sar_ncxl_20200822t092744183_d_fp_d18.zip
SP_837240_2836250,-83.724,283.625,11.045,100,Drygalski Crater Ibn Bajja Crater,ch2_sar_nrxl_20191023t122001856_d_fp_gds.zip,-84.797484,-76.037247,32.57,ch2_sar_nrxl_20191023t122001856_d_fp_gds.zip; ch2_sar_ncxl_20191023t122001856_d_fp_gds.zip; ch2_sar_ncxl_20220303t023013618_d_fp_d18.zip
SP_843700_3057300,-84.37,305.73,11.509,60,Cabeus Crater,ch2_sar_nrxl_20250327t165032158_d_cp_d18.zip,-85.345761,-59.335184,32.61,ch2_sar_nrxl_20250327t165032158_d_cp_d18.zip; ch2_sar_ncxl_20250327t165032158_d_cp_d18.zip; ch2_sar_ncxl_20230413t200826011_d_fp_n18.zip
SP_809710_0357350,-80.971,35.735,166.374,95,Scott E,ch2_sar_nrxl_20231016t015303179_d_fp_d18.zip,-82.032354,34.440727,32.7,ch2_sar_nrxl_20231016t015303179_d_fp_d18.zip; ch2_sar_ncxl_20231016t015303179_d_fp_d18.zip; ch2_sar_ncxl_20231016t035104739_d_fp_d18.zip
SP_809640_3141160,-80.964,314.116,11.815,90,Cabeus A,ch2_sar_ncxl_20230317t221500130_d_fp_n18.zip,-81.471743,-52.184119,32.96,ch2_sar_ncxl_20230317t221500130_d_fp_n18.zip; ch2_sar_nrxl_20230317t221500130_d_fp_n18.zip; ch2_sar_nrxl_20230924t085024484_d_fp_d18.zip
SP_849230_2362280,-84.923,236.228,10.379,85,Kocher Crater,ch2_sar_nrxl_20220402t111742345_d_fp_d18.zip,-83.903017,-119.252469,33.66,ch2_sar_nrxl_20220402t111742345_d_fp_d18.zip; ch2_sar_ncxl_20200309t201958048_d_fp_d18.zip; ch2_sar_nrxl_20200309t201958048_d_fp_d18.zip
SP_844580_3134320,-84.458,313.432,315.029,95,Cabeus Crater,ch2_sar_ncls_20200305t114902885_d_cp_d18.zip,-85.562334,-44.646601,33.86,ch2_sar_ncls_20200305t114902885_d_cp_d18.zip; ch2_sar_nrls_20200305t154539649_d_cp_d18.zip; ch2_sar_nrls_20200305t114902885_d_cp_d18.zip
SP_841060_3423520,-84.106,342.352,19.087,100,Cabeus Crater,ch2_sar_nrxl_20191115t074934699_d_fp_gds.zip,-85.186629,-14.586498,33.88,ch2_sar_nrxl_20191115t074934699_d_fp_gds.zip; ch2_sar_ncxl_20191115t074934699_d_fp_gds.zip; ch2_sar_nrxl_20191019t041708323_d_fp_gds.zip
SP_845770_0017070,-84.577,1.707,103.727,90,Malapert Crater,ch2_sar_nrxl_20191018t064039201_d_fp_g26.zip,-85.604048,-3.496221,33.91,ch2_sar_nrxl_20191018t064039201_d_fp_g26.zip; ch2_sar_ncxl_20191018t064039201_d_fp_g26.zip; ch2_sar_nrxl_20191114t002451477_d_fp_mad.zip
SP_838270_2552930,-83.827,255.293,16.553,70,Ashbrook Crater,ch2_sar_nrxl_20230322t111436084_d_fp_d32.zip,-82.737155,-106.935545,33.97,ch2_sar_nrxl_20230322t111436084_d_fp_d32.zip; ch2_sar_nrxl_20230322t091634285_d_fp_d32.zip; ch2_sar_ncxl_20230322t111436084_d_fp_d32.zip
SP_810340_0483070,-81.034,48.307,11.534,100,Scott Crater,ch2_sar_ncxl_20231015t001857171_d_fp_d18.zip,-82.166124,47.845656,34.39,ch2_sar_ncxl_20231015t001857171_d_fp_d18.zip; ch2_sar_nrxl_20231015t001857171_d_fp_d18.zip; ch2_sar_nrxl_20231015t061258777_d_fp_d18.zip
SP_846070_3232410,-84.607,323.241,43.204,95,Cabeus Crater,ch2_sar_nrls_20200305t114902885_d_cp_d18.zip,-85.556794,-44.18789,34.62,ch2_sar_nrls_20200305t114902885_d_cp_d18.zip; ch2_sar_ncls_20200305t114902885_d_cp_d18.zip; ch2_sar_ncxl_20191019t215745389_d_fp_d18.zip
SP_836660_0840100,-83.666,84.01,45.522,100,Amundsen Crater,ch2_sar_ncxl_20230404t135410450_d_fp_d32.zip,-82.553652,80.503224,36.05,ch2_sar_ncxl_20230404t135410450_d_fp_d32.zip; ch2_sar_nrxl_20220317t201608669_d_fp_d18.zip; ch2_sar_nrxl_20220317t221404410_d_fp_d18.zip
SP_838590_2630960,-83.859,263.096,25.358,75,Ashbrook Crater Ibn Bajja Crater,ch2_sar_ncxl_20230321t232628802_d_fp_d32.zip,-82.67913,-99.393647,36.85,ch2_sar_ncxl_20230321t232628802_d_fp_d32.zip; ch2_sar_nrxl_20230321t232628802_d_fp_d32.zip; ch2_sar_ncxl_20210825t161544195_d_fp_d18.zip
SP_845640_2574190,-84.564,257.419,12.816,80,Ashbrook Crater Ibn Bajja Crater,ch2_sar_nrxl_20200502t153019281_d_fp_d18.zip,-85.755873,-106.25775,37.33,ch2_sar_nrxl_20200502t153019281_d_fp_d18.zip; ch2_sar_ncxl_20200502t153019281_d_fp_d18.zip; ch2_sar_ncxl_20200308t144457881_d_fp_d18.zip
SP_836140_3528490,-83.614,352.849,15.106,100,Malapert Crater,ch2_sar_nrxl_20220904t150549836_d_fp_d32.zip,-82.400075,-10.58921,38.92,ch2_sar_nrxl_20220904t150549836_d_fp_d32.zip; ch2_sar_ncxl_20220904t150549836_d_fp_d32.zip; ch2_sar_nrxl_20230314t030551380_d_fp_d32.zip
SP_838780_3211110,-83.878,321.111,11.786,90,Cabeus Crater,ch2_sar_ncxl_20230316t202542245_d_fp_d32.zip,-82.630068,-41.697853,39.13,ch2_sar_ncxl_20230316t202542245_d_fp_d32.zip; ch2_sar_nrxl_20230316t202542245_d_fp_d32.zip; ch2_sar_ncxl_20210820t200639873_d_fp_d18.zip
SP_837670_3387710,-83.767,338.771,142.949,95,Newton B Cabeus Crater,ch2_sar_nrxl_20220905t144123432_d_fp_d32.zip,-82.491215,-23.147497,39.3,ch2_sar_nrxl_20220905t144123432_d_fp_d32.zip; ch2_sar_ncxl_20220905t144123432_d_fp_d32.zip; ch2_sar_nrxl_20210915t101802240_d_fp_d18.zip
SP_839950_3514880,-83.995,351.488,13.273,90,Malapert Crater,ch2_sar_nrxl_20191115t074934699_d_fp_gds.zip,-85.186629,-14.586498,40.04,ch2_sar_nrxl_20191115t074934699_d_fp_gds.zip; ch2_sar_ncxl_20191115t074934699_d_fp_gds.zip; ch2_sar_nrxl_20220904t150549836_d_fp_d32.zip
SP_806710_1408660,-80.671,140.866,18.673,90,Nefed'ev Crater Schrodinger Crater,ch2_sar_ncxl_20230910t032945908_d_fp_d32.zip,-81.981722,142.02753,40.1,ch2_sar_ncxl_20230910t032945908_d_fp_d32.zip; ch2_sar_nrxl_20230910t032945908_d_fp_d32.zip; ch2_sar_ncxl_20230330t080207993_d_fp_d32.zip
SP_845510_0602900,-84.551,60.29,182.268,90,Nobile Crater Amundsen Crater,ch2_sar_nrxs_20200225t085353645_d_fp_d18.zip,-85.897935,59.373608,40.91,ch2_sar_nrxs_20200225t085353645_d_fp_d18.zip; ch2_sar_nrxs_20200225t065532344_d_fp_d18.zip; ch2_sar_ncxl_20210301t225151472_d_fp_d32.zip
SP_807910_0455060,-80.791,45.506,85.18,60,Scott Crater,ch2_sar_ncxl_20231015t081058641_d_fp_d18.zip,-82.099452,42.95132,41.31,ch2_sar_ncxl_20231015t081058641_d_fp_d18.zip; ch2_sar_ncxl_20231015t061258777_d_fp_d18.zip; ch2_sar_nrxl_20231015t081058641_d_fp_d18.zip
SP_841820_2710340,-84.182,271.034,61.996,100,Ashbrook Crater Ibn Bajja Crater,ch2_sar_ncxl_20191023t122001856_d_fp_gds.zip,-84.841139,-76.24918,41.83,ch2_sar_ncxl_20191023t122001856_d_fp_gds.zip; ch2_sar_nrxl_20191023t122001856_d_fp_gds.zip; ch2_sar_nrxl_20200501t135636847_d_fp_d18.zip
SP_840980_0797630,-84.098,79.763,14.227,15,Amundsen Crater,ch2_sar_ncxl_20231013t070040354_d_fp_d18.zip,-82.759846,74.56628,44.36,ch2_sar_ncxl_20231013t070040354_d_fp_d18.zip; ch2_sar_ncxl_20220318t175331196_d_fp_d18.zip; ch2_sar_ncxl_20231012t230833676_d_fp_d18.zip
SP_842140_3232340,-84.214,323.234,14.018,100,Cabeus Crater,ch2_sar_nrls_20200305t114902885_d_cp_d18.zip,-85.556794,-44.18789,45.31,ch2_sar_nrls_20200305t114902885_d_cp_d18.zip; ch2_sar_ncls_20200305t114902885_d_cp_d18.zip; ch2_sar_nrls_20200305t154539649_d_cp_d18.zip
SP_841420_0059530,-84.142,5.953,194.479,100,Malapert Crater,ch2_sar_ncxl_20250321t120906842_d_cp_d18.zip,-85.622393,11.07493,46.94,ch2_sar_ncxl_20250321t120906842_d_cp_d18.zip; ch2_sar_ncxl_20191112t185801531_d_fp_d18.zip; ch2_sar_nrxl_20250321t120906842_d_cp_d18.zip
SP_842420_0421060,-84.242,42.106,25.459,100,Scott M,ch2_sar_nrxl_20191013t163951114_d_fp_d18.zip,-85.775425,39.45213,47.01,ch2_sar_nrxl_20191013t163951114_d_fp_d18.zip; ch2_sar_ncxl_20210815t081421680_d_fp_d18.zip; ch2_sar_nrxl_20210815t081421680_d_fp_d18.zip
SP_842890_0563440,-84.289,56.344,97.967,100,Nobile Crater,ch2_sar_nrxl_20191012t190304893_d_fp_d18.zip,-85.776809,50.882889,47.29,ch2_sar_nrxl_20191012t190304893_d_fp_d18.zip; ch2_sar_ncxl_20191012t190304893_d_fp_d18.zip; ch2_sar_nrxs_20200225t085353645_d_fp_d18.zip
SP_806510_0507610,-80.651,50.761,14.951,100,Demonax C Scott Crater,ch2_sar_ncxl_20231015t001857171_d_fp_d18.zip,-82.166124,47.845656,47.79,ch2_sar_ncxl_20231015t001857171_d_fp_d18.zip; ch2_sar_nrxl_20231015t001857171_d_fp_d18.zip; ch2_sar_ncxl_20230917t090815782_d_fp_d32.zip
SP_804240_1354850,-80.424,135.485,155.074,100,Nefed'ev Crater,ch2_sar_ncxl_20230330t135602076_d_fp_d32.zip,-82.026377,137.603937,49.56,ch2_sar_ncxl_20230330t135602076_d_fp_d32.zip; ch2_sar_ncxl_20230330t155400862_d_fp_d32.zip; ch2_sar_nrxl_20230330t155400862_d_fp_d32.zip
SP_804520_0401760,-80.452,40.176,10.001,0,Scott E,ch2_sar_ncxl_20231015t100859367_d_fp_d18.zip,-82.097316,41.873966,50.49,ch2_sar_ncxl_20231015t100859367_d_fp_d18.zip; ch2_sar_ncxl_20231015t081058641_d_fp_d18.zip; ch2_sar_nrxl_20231015t100859367_d_fp_d18.zip
SP_804650_0491050,-80.465,49.105,17.986,75,Demonax C Scott Crater,ch2_sar_ncxl_20231015t001857171_d_fp_d18.zip,-82.166124,47.845656,51.9,ch2_sar_ncxl_20231015t001857171_d_fp_d18.zip; ch2_sar_nrxl_20231015t001857171_d_fp_d18.zip; ch2_sar_ncxl_20230917t090815782_d_fp_d32.zip
SP_802260_0424290,-80.226,42.429,99.558,50,Scott E Scott,ch2_sar_ncxl_20231015t100859367_d_fp_d18.zip,-82.097316,41.873966,56.8,ch2_sar_ncxl_20231015t100859367_d_fp_d18.zip; ch2_sar_ncxl_20231015t081058641_d_fp_d18.zip; ch2_sar_ncxl_20231015t061258777_d_fp_d18.zip
SP_800780_0456630,-80.078,45.663,37.076,75,Scott Crater,ch2_sar_ncxl_20231015t081058641_d_fp_d18.zip,-82.099452,42.95132,62.59,ch2_sar_ncxl_20231015t081058641_d_fp_d18.zip; ch2_sar_ncxl_20231015t061258777_d_fp_d18.zip; ch2_sar_nrxl_20231015t081058641_d_fp_d18.zip
