PSR_ID,Nearby_Features,Closest_SAR_File_raw,Calibrated_Filename,Exists_On_Portal,Size_Bytes,Size_GB,Centre_Lat,Centre_Lon
SP_875750_3329770,Haworth Crater,ch2_sar_ncxl_20210207t044223770_d_fp_d32.zip,ch2_sar_ncxl_20210207t044223770_d_fp_d32.zip,Yes,4783907536,4.78,-87.581255,-27.116391
SP_878090_3251650,Haworth Crater Cabeus Crater,ch2_sar_nrxl_20240915t154436092_d_cp_d18.zip,ch2_sar_ncxl_20240915t154436092_d_cp_d18.zip,Yes,3817051935,3.82,-87.762252,-35.175399
SP_871460_0840750,Faustini Crater,ch2_sar_ncxl_20241004t194221223_d_cp_d18.zip,ch2_sar_ncxl_20241004t194221223_d_cp_d18.zip,Yes,2779494919,2.78,-87.158947,83.88754
SP_869800_1078330,Faustini Crater Slater Crater,ch2_sar_nrxl_20201114t082810348_d_fp_d18.zip,ch2_sar_ncxl_20201114t082810348_d_fp_d18.zip,Yes,4171520031,4.17,-86.71691,109.473736
SP_872560_3120600,Cabeus Crater Haworth Crater,ch2_sar_nrxl_20241014t183939886_d_cp_d18.zip,ch2_sar_ncxl_20241014t183939886_d_cp_d18.zip,Yes,3765294547,3.77,-87.240867,-46.52084
SP_873890_2512470,Ibn Bajja Crater Sverdrup Crater,ch2_sar_nrxl_20240904t041852013_d_cp_d18.zip,ch2_sar_ncxl_20240904t041852013_d_cp_d18.zip,Yes,4134510124,4.13,-87.361918,-110.165604
SP_861810_0724650,Amundsen Crater Shoemaker Crater,ch2_sar_ncxl_20191107t072342058_d_fp_d18.zip,ch2_sar_ncxl_20191107t072342058_d_fp_d18.zip,Yes,4838137285,4.84,-86.152402,72.691023
SP_875930_3125710,Ibn Bajja Crater Haworth Crater,ch2_sar_ncxl_20240831t165341701_d_cp_d18.zip,ch2_sar_ncxl_20240831t165341701_d_cp_d18.zip,Yes,3926724125,3.93,-87.626261,-47.527712
SP_881000_1147820,Slater Crater,ch2_sar_ncxl_20221031t112356848_d_fp_d32.zip,ch2_sar_ncxl_20221031t112356848_d_fp_d32.zip,Yes,358306825,0.36,-88.13458,114.787253
SP_896450_1282030,Shackleton Crater,ch2_sar_ncxl_20250917t163359347_d_cp_n18.zip,ch2_sar_ncxl_20250917t163359347_d_cp_n18.zip,Yes,2284443706,2.28,-89.644607,122.086082
SP_873660_3292250,"Haworth Crater, Malapert Mountain",ch2_sar_ncxl_20240926t140554081_d_cp_d18.zip,ch2_sar_ncxl_20240926t140554081_d_cp_d18.zip,Yes,4020819092,4.02,-87.331446,-30.387461
SP_887280_1688800,Sverdrup Crater Slater Crater,ch2_sar_nrxl_20250915t231559416_d_cp_d18.zip,ch2_sar_ncxl_20250915t231559416_d_cp_d18.zip,Yes,4190201147,4.19,-88.659122,167.413111
SP_887220_3463610,Haworth Crater Shackleton Crater,ch2_sar_nrxl_20250930t000207934_d_cp_d18.zip,ch2_sar_ncxl_20250930t000207934_d_cp_d18.zip,Yes,3703649223,3.7,-88.799217,-8.67256
SP_882670_1568690,Sverdrup Crater Slater Crater,ch2_sar_ncxl_20221027t081654505_d_fp_d32.zip,ch2_sar_ncxl_20221027t081654505_d_fp_d32.zip,Yes,589449601,0.59,-88.303479,158.083833
SP_858910_0680440,Shoemaker Crater Amundsen Crater,ch2_sar_nrxl_20210301t225151472_d_fp_d32.zip,ch2_sar_ncxl_20210301t225151472_d_fp_d32.zip,Yes,737914726,0.74,-85.852489,66.887153
SP_823050_2226590,Kocher Crater Laveran Crater,ch2_sar_nrxl_20211021t203526148_d_fp_d18.zip,ch2_sar_ncxl_20211021t203526148_d_fp_d18.zip,Yes,1752344165,1.75,-82.337454,-136.194228
SP_824700_2291520,Ashbrook Crater Kocher Crater,ch2_sar_nrxl_20210827t232320179_d_fp_d18.zip,ch2_sar_ncxl_20210827t232320179_d_fp_d18.zip,Yes,1701026452,1.7,-82.436611,-129.784408
SP_822410_0595740,von Baeyer Crater,ch2_sar_ncxl_20231014t083449362_d_fp_d18.zip,ch2_sar_ncxl_20231014t083449362_d_fp_d18.zip,Yes,1881818203,1.88,-82.281774,59.974718
SP_882490_2164550,Sverdrup Crater,ch2_sar_ncxl_20210316t083945788_d_fp_d18.zip,ch2_sar_ncxl_20210316t083945788_d_fp_d18.zip,Yes,2068523826,2.07,-88.274365,-145.616915
SP_890390_3377770,Haworth Crater Shackleton Crater,ch2_sar_ncxl_20250930t114950175_d_cp_d18.zip,ch2_sar_ncxl_20250930t114950175_d_cp_d18.zip,Yes,3983353176,3.98,-88.989875,-19.437723
SP_824450_2271370,Ashbrook Crater Kocher Crater,ch2_sar_ncxl_20230324t082854662_d_fp_d32.zip,ch2_sar_ncxl_20230324t082854662_d_fp_d32.zip,Yes,1886140824,1.89,-82.473308,-133.459192
SP_874430_1188390,Slater Crater,ch2_sar_nrxl_20250410t210709087_d_cp_d18.zip,ch2_sar_ncxl_20250410t210709087_d_cp_d18.zip,Yes,4443513080,4.44,-87.385284,120.596503
SP_878530_3185060,Ibn Bajja Crater Haworth Crater,ch2_sar_nrxl_20221010t145416101_d_fp_d32.zip,ch2_sar_ncxl_20221010t145416101_d_fp_d32.zip,Yes,1917205870,1.92,-87.969653,-43.549499
SP_874930_3578760,Haworth Crater,ch2_sar_nrxl_20250322t155427984_d_cp_d18.zip,ch2_sar_ncxl_20250322t155427984_d_cp_d18.zip,Yes,3824140306,3.82,-87.526236,0.76748
SP_889130_1507620,Sverdrup Crater Slater Crater,ch2_sar_nrxl_20250917t044536401_d_cp_d18.zip,ch2_sar_ncxl_20250917t044536401_d_cp_d18.zip,Yes,4229877355,4.23,-88.815789,153.042632
SP_878330_1263810,Slater Crater,ch2_sar_nrxl_20220928t074707235_d_fp_d32.zip,ch2_sar_ncxl_20220928t074707235_d_fp_d32.zip,Yes,1804920469,1.8,-88.0032,124.69422
SP_822730_2243490,Kocher Crater Laveran Crater,ch2_sar_ncxl_20211021t203526148_d_fp_d18.zip,ch2_sar_ncxl_20211021t203526148_d_fp_d18.zip,Yes,1752344165,1.75,-82.337454,-136.194228
SP_880260_0452790,Shoemaker crater,ch2_sar_nrxl_20240909t122014006_d_cp_d18.zip,ch2_sar_ncxl_20240909t122014006_d_cp_d18.zip,Yes,4787087335,4.79,-87.894636,49.103044
SP_889970_3170870,de Gerlache Crater Haworth Crater,ch2_sar_ncxl_20251001t132254253_d_cp_d18.zip,ch2_sar_ncxl_20251001t132254253_d_cp_d18.zip,Yes,3095130616,3.1,-88.901755,-46.991285
SP_825890_0285130,Scott Crater Malapert E,ch2_sar_nrxl_20230311t220142252_d_fp_n18.zip,ch2_sar_ncxl_20230311t220142252_d_fp_n18.zip,Yes,1631152731,1.63,-82.417357,28.256601
SP_871270_0406840,Shoemaker Crater Nobile Crater,ch2_sar_ncxl_20241018t061442850_d_cp_d18.zip,ch2_sar_ncxl_20241018t061442850_d_cp_d18.zip,Yes,3735967711,3.74,-87.241249,41.951325
SP_867440_0218610,Haworth Crater Shoemaker Crater,ch2_sar_ncxl_20201022t140200748_d_fp_d18.zip,ch2_sar_ncxl_20201022t140200748_d_fp_d18.zip,Yes,3334620894,3.33,-86.757215,24.303142
SP_868670_2973140,Ibn Bajja Crater Haworth Crater,ch2_sar_ncxl_20201030t203407740_d_fp_d18.zip,ch2_sar_ncxl_20201030t203407740_d_fp_d18.zip,Yes,3956798642,3.96,-86.947808,-60.538501
SP_834700_1757740,Wiechert E,ch2_sar_nrxl_20220821t050453752_d_fp_d32.zip,ch2_sar_ncxl_20220821t050453752_d_fp_d32.zip,Yes,869315935,0.87,-83.311651,175.414314
SP_843960_1621040,Wiechert P Wiechert Crater,ch2_sar_nrxl_20190922t032857034_d_fp_d18.zip,ch2_sar_ncxl_20190922t032857034_d_fp_d18.zip,Yes,2442381402,2.44,-84.502895,163.54063
SP_883120_2691430,de Gerlache Crater,ch2_sar_nrxl_20251007t224253019_d_cp_d18.zip,ch2_sar_ncxl_20251007t224253019_d_cp_d18.zip,Yes,4048750646,4.05,-88.413923,-86.896964
SP_860280_3443410,Haworth Crater Malapert Crater Cabeus Crater,ch2_sar_nrxl_20251024t055401782_d_fp_d32.zip,ch2_sar_ncxl_20251024t055401782_d_fp_d32.zip,Yes,1931060098,1.93,-86.287706,-14.853135
SP_883170_0809830,Shoemaker Crater Slater Crater,ch2_sar_ncls_20200913t042439405_d_fp_d18.zip,ch2_sar_ncls_20200913t042439405_d_fp_d18.zip,Yes,1596570571,1.6,-88.203941,77.678499
SP_867930_0609460,Shoemaker Crater Nobile Crater,ch2_sar_ncxl_20241005t190108445_d_cp_d18.zip,ch2_sar_ncxl_20241005t190108445_d_cp_d18.zip,Yes,3300187674,3.3,-86.833386,63.880262
SP_822920_2211100,Kocher Crater Laveran Crater,ch2_sar_ncxl_20210924t210704032_d_fp_d18.zip,ch2_sar_ncxl_20210924t210704032_d_fp_d18.zip,Yes,1928695120,1.93,-82.373939,-140.003772
SP_820540_0583270,von Baeyer Crater,ch2_sar_nrxl_20231014t083449362_d_fp_d18.zip,ch2_sar_ncxl_20231014t083449362_d_fp_d18.zip,Yes,1881818203,1.88,-82.281774,59.974718
SP_837400_1630860,Wiechert Crater,ch2_sar_nrxl_20220407t134426983_d_fp_d18.zip,ch2_sar_ncxl_20220407t134426983_d_fp_d18.zip,Yes,732825504,0.73,-83.636513,164.507621
SP_856730_2119650,Kocher Crater Wiechert J,ch2_sar_nrxl_20200823t085159773_d_fp_d18.zip,ch2_sar_ncxl_20200823t085159773_d_fp_d18.zip,Yes,4715216603,4.72,-85.809181,-150.010044
SP_819860_1568660,Braude Crater,ch2_sar_ncxl_20230909t034916348_d_fp_d32.zip,ch2_sar_ncxl_20230909t034916348_d_fp_d32.zip,Yes,1684123395,1.68,-82.030559,155.555147
SP_863550_0488280,Shoemaker Crater Nobile Crater,ch2_sar_ncxl_20191108t184432959_d_fp_d18.zip,ch2_sar_ncxl_20191108t184432959_d_fp_d18.zip,Yes,3942322856,3.94,-86.166355,49.550012
SP_876600_2623440,de Gerlache Crater Sverdrup Crater,ch2_sar_nrxl_20250910t231859036_d_cp_d18.zip,ch2_sar_ncxl_20250910t231859036_d_cp_d18.zip,Yes,4040394857,4.04,-87.490306,-100.498123
SP_869020_0278760,Haworth Crater Shoemaker Crater,ch2_sar_nrxl_20201022t140200748_d_fp_d18.zip,ch2_sar_ncxl_20201022t140200748_d_fp_d18.zip,Yes,3334620894,3.33,-86.757215,24.303142
SP_818790_1353780,Nefed'ev Crater,ch2_sar_ncxl_20230330t175159785_d_fp_d32.zip,ch2_sar_ncxl_20230330t175159785_d_fp_d32.zip,Yes,1619193532,1.62,-82.092137,135.390073
SP_843980_2899650,Cabeus Crater Ibn Baja,ch2_sar_ncxl_20200904t212517034_d_fp_d18.zip,ch2_sar_ncxl_20200904t212517034_d_fp_d18.zip,Yes,4522592297,4.52,-84.501651,-68.074623
SP_824820_3550120,Newton B,ch2_sar_nrxl_20230314t030551380_d_fp_d32.zip,ch2_sar_ncxl_20230314t030551380_d_fp_d32.zip,Yes,1955632894,1.96,-82.268665,-4.145878
SP_823950_3576610,Newton B Malapert C,ch2_sar_nrxl_20230314t030551380_d_fp_d32.zip,ch2_sar_ncxl_20230314t030551380_d_fp_d32.zip,Yes,1955632894,1.96,-82.268665,-4.145878
SP_854150_3078410,Cabeus Crater,ch2_sar_ncxl_20191021t151236474_d_fp_d18.zip,ch2_sar_ncxl_20191021t151236474_d_fp_d18.zip,Yes,4632151356,4.63,-85.639084,-51.379538
SP_828910_2713550,Drygalski Crater Drygalski P,ch2_sar_nrxl_20210824t223233231_d_fp_d18.zip,ch2_sar_ncxl_20210824t223233231_d_fp_d18.zip,Yes,2101229525,2.1,-82.643366,-86.631525
SP_853600_3177620,Cabeus Crater,ch2_sar_nrls_20200305t114902885_d_cp_d18.zip,ch2_sar_ncls_20200305t114902885_d_cp_d18.zip,Yes,1018587670,1.02,-85.562334,-44.646601
SP_823350_2167510,Kocher Crater Laveran Crater,ch2_sar_nrxl_20210924t210704032_d_fp_d18.zip,ch2_sar_ncxl_20210924t210704032_d_fp_d18.zip,Yes,1928695120,1.93,-82.373939,-140.003772
SP_821760_0111040,Malapert F Malapert E,ch2_sar_nrxl_20210816t134604549_d_fp_d18.zip,ch2_sar_ncxl_20210816t134604549_d_fp_d18.zip,Yes,726026353,0.73,-82.309309,12.788588
SP_855490_2096710,Kocher Crater Wiechert J,ch2_sar_ncxl_20200823t085159773_d_fp_d18.zip,ch2_sar_ncxl_20200823t085159773_d_fp_d18.zip,Yes,4715216603,4.72,-85.809181,-150.010044
SP_889970_0191990,Haworth Crater Shackleton Crater,ch2_sar_ncxl_20221004t131759712_d_fp_d32.zip,ch2_sar_ncxl_20221004t131759712_d_fp_d32.zip,Yes,1703359609,1.7,-88.861019,31.780418
SP_854060_3476220,Malapert Crater Cabeus Crater,ch2_sar_ncxl_20191115t074934699_d_fp_gds.zip,ch2_sar_ncxl_20191115t074934699_d_fp_gds.zip,Yes,4231345782,4.23,-85.220478,-14.841716
SP_816240_3094250,Cabeus B,ch2_sar_ncxl_20230317t221500130_d_fp_n18.zip,ch2_sar_ncxl_20230317t221500130_d_fp_n18.zip,Yes,1793302802,1.79,-81.471743,-52.184119
SP_895060_2806850,de Gerlache Crater Shackleton Crater,ch2_sar_nrxl_20251029t232923718_d_cp_d18.zip,ch2_sar_ncxl_20251029t232923718_d_cp_d18.zip,Yes,3623702826,3.62,-89.254413,-63.645836
SP_885280_1846930,Sverdrup Crater,ch2_sar_ncxl_20250914t040048219_d_cp_d18.zip,ch2_sar_ncxl_20250914t040048219_d_cp_d18.zip,Yes,4060036102,4.06,-88.811083,-177.362248
SP_862670_2349900,Sverdrup Crater Kocher Crater,ch2_sar_ncxl_20200309t201958048_d_fp_d18.zip,ch2_sar_ncxl_20200309t201958048_d_fp_d18.zip,Yes,4321458277,4.32,-86.057374,-122.04129
SP_847720_1650130,Wiechert J Wiechert P,ch2_sar_ncxl_20190922t032857034_d_fp_d18.zip,ch2_sar_ncxl_20190922t032857034_d_fp_d18.zip,Yes,2442381402,2.44,-84.502895,163.54063
SP_883220_1475060,Sverdrup Crater Slater Crater,ch2_sar_ncxl_20221027t081654505_d_fp_d32.zip,ch2_sar_ncxl_20221027t081654505_d_fp_d32.zip,Yes,589449601,0.59,-88.303479,158.083833
SP_855330_1655640,Wiechert J Wiechert P,ch2_sar_nrxl_20191101t080434690_d_fp_d18.zip,ch2_sar_ncxl_20191101t080434690_d_fp_d18.zip,Yes,4734760687,4.73,-85.515822,169.700543
SP_850230_1826070,Wiechert J,ch2_sar_ncxl_20191031t142441960_d_fp_gds.zip,ch2_sar_ncxl_20191031t142441960_d_fp_gds.zip,Yes,4076627874,4.08,-85.311957,-179.323431
SP_869250_0482770,Shoemaker Crater Nobile Crater,ch2_sar_nrxl_20250415t090925329_d_cp_d18.zip,ch2_sar_ncxl_20250415t090925329_d_cp_d18.zip,Yes,4146163066,4.15,-87.175976,53.19623
SP_864040_0314430,Nobile Crater Haworth Crater,ch2_sar_nrxl_20191110t115852737_d_fp_d18.zip,ch2_sar_ncxl_20191110t115852737_d_fp_d18.zip,Yes,3953126140,3.95,-86.239349,23.722031
SP_859560_3063890,Cabeus Crater,ch2_sar_ncxl_20191021t151236474_d_fp_d18.zip,ch2_sar_ncxl_20191021t151236474_d_fp_d18.zip,Yes,4632151356,4.63,-85.639084,-51.379538
SP_823280_2534270,Ashbrook Crater,ch2_sar_ncxl_20210922t175901428_d_fp_d18.zip,ch2_sar_ncxl_20210922t175901428_d_fp_d18.zip,Yes,1882065284,1.88,-82.533862,-108.816777
SP_816910_3053810,Cabeus B,ch2_sar_nrxl_20230317t221500130_d_fp_n18.zip,ch2_sar_ncxl_20230317t221500130_d_fp_n18.zip,Yes,1793302802,1.79,-81.471743,-52.184119
SP_846940_1753570,Wiechert J Wiechert E,ch2_sar_nrxl_20220406t142256078_d_fp_d18.zip,ch2_sar_ncxl_20220406t142256078_d_fp_d18.zip,Yes,2048567183,2.05,-84.340114,173.862294
SP_831370_3119250,Cabeus B Cabeus Crater,ch2_sar_nrxl_20230413t200826011_d_fp_n18.zip,ch2_sar_ncxl_20230413t200826011_d_fp_n18.zip,Yes,1069733760,1.07,-83.301769,-51.103606
SP_867870_0536640,Shoemaker Crater Nobile Crater,ch2_sar_ncxl_20250415t090925329_d_cp_d18.zip,ch2_sar_ncxl_20250415t090925329_d_cp_d18.zip,Yes,4146163066,4.15,-87.175976,53.19623
SP_865300_2381460,Sverdrup Crater Kocher Crater,ch2_sar_ncxl_20250401t055412571_d_cp_d32.zip,ch2_sar_ncxl_20250401t055412571_d_cp_d32.zip,Yes,2798800796,2.8,-86.877836,-118.209275
SP_862590_2848540,Ibn Bajja Crater,ch2_sar_ncxl_20240822t173210604_d_cp_d18.zip,ch2_sar_ncxl_20240822t173210604_d_cp_d18.zip,Yes,3786470363,3.79,-86.622082,-71.683058
SP_853570_0498630,Nobile Crater,ch2_sar_nrxl_20191012t190304893_d_fp_d18.zip,ch2_sar_ncxl_20191012t190304893_d_fp_d18.zip,Yes,6345936855,6.35,-85.804464,51.198417
SP_849430_2908700,Ibn Bajja Crater Cabeus Crater,ch2_sar_ncxl_20200904t212517034_d_fp_d18.zip,ch2_sar_ncxl_20200904t212517034_d_fp_d18.zip,Yes,4522592297,4.52,-84.501651,-68.074623
SP_814340_3246240,Cabeus A,ch2_sar_ncxl_20230412t183406495_d_fp_d32.zip,ch2_sar_ncxl_20230412t183406495_d_fp_d32.zip,Yes,1372755329,1.37,-81.796919,-33.498388
SP_832050_0736210,Amundsen Demonax B,ch2_sar_ncxl_20231013t070040354_d_fp_d18.zip,ch2_sar_ncxl_20231013t070040354_d_fp_d18.zip,Yes,1886509710,1.89,-82.759846,74.56628
SP_832950_1495450,Wiechert U,ch2_sar_nrxl_20220408t112037436_d_fp_d18.zip,ch2_sar_ncxl_20220408t112037436_d_fp_d18.zip,Yes,1052930056,1.05,-83.171857,153.870061
SP_849450_1654340,Wiechert J Wiechert P,ch2_sar_ncxl_20190922t032857034_d_fp_d18.zip,ch2_sar_ncxl_20190922t032857034_d_fp_d18.zip,Yes,2442381402,2.44,-84.502895,163.54063
SP_818450_3211710,Cabeus A,ch2_sar_nrxl_20220906t181233754_d_fp_d32.zip,ch2_sar_ncxl_20220906t181233754_d_fp_d32.zip,Yes,1787256079,1.79,-82.324686,-37.54455
SP_830550_0674490,Demonax B,ch2_sar_nrxl_20210909t063954702_d_fp_d18.zip,ch2_sar_ncxl_20210909t063954702_d_fp_d18.zip,Yes,1867866612,1.87,-82.51948,66.828453
SP_817610_0619190,von Baeyer Crater,ch2_sar_nrxl_20231014t043848050_d_fp_d18.zip,ch2_sar_ncxl_20231014t043848050_d_fp_d18.zip,Yes,1883802523,1.88,-82.283843,62.147899
SP_830760_0866010,Amundsen Crater,ch2_sar_nrxl_20220317t201608669_d_fp_d18.zip,ch2_sar_ncxl_20220317t201608669_d_fp_d18.zip,Yes,1856404594,1.86,-82.505972,87.403016
SP_843960_2077750,Kuhn Crater,ch2_sar_nrxl_20220404t095543499_d_fp_d18.zip,ch2_sar_ncxl_20220404t095543499_d_fp_d18.zip,Yes,1715470025,1.72,-83.910801,-148.809727
SP_852830_2061020,Kocher Crater Wiechert J,ch2_sar_nrxl_20191028t075149161_d_fp_d18.zip,ch2_sar_ncxl_20191028t075149161_d_fp_d18.zip,Yes,4272870468,4.27,-85.882342,-154.84584
SP_830080_0535120,Wapowski Crater,ch2_sar_nrxl_20210910t061722128_d_fp_d18.zip,ch2_sar_ncxl_20210910t061722128_d_fp_d18.zip,Yes,1762101602,1.76,-82.42208,50.574227
SP_853730_0452650,Nobile Crater,ch2_sar_nrxl_20191012t190304893_d_fp_d18.zip,ch2_sar_ncxl_20191012t190304893_d_fp_d18.zip,Yes,6345936855,6.35,-85.804464,51.198417
SP_816970_3196200,Cabeus A,ch2_sar_ncxl_20230924t085024484_d_fp_d18.zip,ch2_sar_ncxl_20230924t085024484_d_fp_d18.zip,Yes,1963451850,1.96,-82.12647,-43.435315
SP_819690_0250940,Scott E Malapert E,ch2_sar_nrxl_20231016t094507640_d_fp_d18.zip,ch2_sar_ncxl_20231016t094507640_d_fp_d18.zip,Yes,1612209171,1.61,-82.071755,29.882484
SP_828530_0080500,Malapert F Malapert E,ch2_sar_nrxl_20210913t090528253_d_fp_d18.zip,ch2_sar_ncxl_20210913t090528253_d_fp_d18.zip,Yes,1934439937,1.93,-82.261943,5.104453
SP_830490_3505380,Newton B,ch2_sar_nrxl_20220904t150549836_d_fp_d32.zip,ch2_sar_ncxl_20220904t150549836_d_fp_d32.zip,Yes,2085469647,2.09,-82.387572,-10.404432
SP_814440_3172250,Cabeus A,ch2_sar_ncxl_20230924t085024484_d_fp_d18.zip,ch2_sar_ncxl_20230924t085024484_d_fp_d18.zip,Yes,1963451850,1.96,-82.12647,-43.435315
SP_839920_3091290,Cabeus Crater,ch2_sar_ncxl_20230413t200826011_d_fp_n18.zip,ch2_sar_ncxl_20230413t200826011_d_fp_n18.zip,Yes,1069733760,1.07,-83.301769,-51.103606
SP_816480_0652210,Svedberg Crater,ch2_sar_ncxl_20230405t192424145_d_fp_d32.zip,ch2_sar_ncxl_20230405t192424145_d_fp_d32.zip,Yes,1695603612,1.7,-82.323613,63.869599
SP_851970_2671550,Ibn Bajja Crater Ashbrook Crater,ch2_sar_nrxl_20200308t144457881_d_fp_d18.zip,ch2_sar_ncxl_20200308t144457881_d_fp_d18.zip,Yes,4373886949,4.37,-85.799428,-97.839514
SP_838910_1184700,Idel'son L,ch2_sar_ncxl_20191009t103018034_d_fp_d18.zip,ch2_sar_ncxl_20191009t103018034_d_fp_d18.zip,Yes,8207226519,8.21,-84.418772,113.725077
SP_847550_1500770,Wiechert P,ch2_sar_ncxl_20191007t112201040_d_fp_d18.zip,ch2_sar_ncxl_20191007t112201040_d_fp_d18.zip,Yes,7402005885,7.4,-84.849958,142.213471
SP_849040_3196480,Cabeus Crater,ch2_sar_nrls_20200305t114902885_d_cp_d18.zip,ch2_sar_ncls_20200305t114902885_d_cp_d18.zip,Yes,1018587670,1.02,-85.562334,-44.646601
SP_832600_0820620,Amundsen Crater,ch2_sar_ncxl_20230404t135410450_d_fp_d32.zip,ch2_sar_ncxl_20230404t135410450_d_fp_d32.zip,Yes,1570341109,1.57,-82.553652,80.503224
SP_832830_2218380,Kocher Crater Khun Crater,ch2_sar_ncxl_20220208t063204924_d_fp_d18.zip,ch2_sar_ncxl_20220208t063204924_d_fp_d18.zip,Yes,1740515208,1.74,-82.596722,-140.254034
SP_846960_1555270,Wiechert P Wiechert Crater,ch2_sar_nrxl_20190922t032857034_d_fp_d18.zip,ch2_sar_ncxl_20190922t032857034_d_fp_d18.zip,Yes,2442381402,2.44,-84.502895,163.54063
SP_847970_3070080,Cabeus Crater,ch2_sar_nrxl_20250327t165032158_d_cp_d18.zip,ch2_sar_ncxl_20250327t165032158_d_cp_d18.zip,Yes,142999629,0.14,-85.335795,-59.74011
SP_837200_2975300,Cabeus B Cabeus Crater,ch2_sar_nrxl_20200904t212517034_d_fp_d18.zip,ch2_sar_ncxl_20200904t212517034_d_fp_d18.zip,Yes,4522592297,4.52,-84.501651,-68.074623
SP_834150_2749360,Drygalski Crater Drygalski P Crater,ch2_sar_nrxl_20210824t163808566_d_fp_d18.zip,ch2_sar_ncxl_20210824t163808566_d_fp_d18.zip,Yes,2093526740,2.09,-82.636397,-83.581685
SP_833060_0855030,Amundsen Crater,ch2_sar_nrxl_20220317t201608669_d_fp_d18.zip,ch2_sar_ncxl_20220317t201608669_d_fp_d18.zip,Yes,1856404594,1.86,-82.505972,87.403016
SP_850590_3238160,Cabeus Crater,ch2_sar_nrls_20200305t114902885_d_cp_d18.zip,ch2_sar_ncls_20200305t114902885_d_cp_d18.zip,Yes,1018587670,1.02,-85.562334,-44.646601
SP_849420_0518590,Nobile Crater,ch2_sar_nrxl_20191012t190304893_d_fp_d18.zip,ch2_sar_ncxl_20191012t190304893_d_fp_d18.zip,Yes,6345936855,6.35,-85.804464,51.198417
SP_838890_3143320,Cabeus Crater,ch2_sar_ncxl_20230413t200826011_d_fp_n18.zip,ch2_sar_ncxl_20230413t200826011_d_fp_n18.zip,Yes,1069733760,1.07,-83.301769,-51.103606
SP_852110_2384420,Kocher Crater,ch2_sar_ncxl_20200309t201958048_d_fp_d18.zip,ch2_sar_ncxl_20200309t201958048_d_fp_d18.zip,Yes,4321458277,4.32,-86.057374,-122.04129
SP_835040_2720960,Drygalski Crater Drygalski P Crater,ch2_sar_nrxl_20210824t223233231_d_fp_d18.zip,ch2_sar_ncxl_20210824t223233231_d_fp_d18.zip,Yes,2101229525,2.1,-82.643366,-86.631525
SP_837240_0195180,Malapert E,ch2_sar_ncxl_20210815t140843614_d_fp_d18.zip,ch2_sar_ncxl_20210815t140843614_d_fp_d18.zip,Yes,1825010370,1.83,-83.227204,25.879599
SP_846850_3536460,Malapert Crater,ch2_sar_nrxl_20191115t074934699_d_fp_gds.zip,ch2_sar_ncxl_20191115t074934699_d_fp_gds.zip,Yes,4231345782,4.23,-85.220478,-14.841716
SP_846740_2192870,Kocher Crater Kuhn Crater,ch2_sar_ncxl_20200822t092744183_d_fp_d18.zip,ch2_sar_ncxl_20200822t092744183_d_fp_d18.zip,Yes,4869809652,4.87,-85.493671,-136.731591
SP_838860_2839350,Drygalski Crater Ibn Bajja Crater,ch2_sar_nrxl_20191023t122001856_d_fp_gds.zip,ch2_sar_ncxl_20191023t122001856_d_fp_gds.zip,Yes,2572178038,2.57,-84.841139,-76.24918
SP_811730_0441340,Scott,ch2_sar_ncxl_20231015t081058641_d_fp_d18.zip,ch2_sar_ncxl_20231015t081058641_d_fp_d18.zip,Yes,1418573546,1.42,-82.099452,42.95132
SP_842430_3468180,Malapert Crater Cabeus Crater,ch2_sar_nrxl_20191115t074934699_d_fp_gds.zip,ch2_sar_ncxl_20191115t074934699_d_fp_gds.zip,Yes,4231345782,4.23,-85.220478,-14.841716
SP_812090_0460390,Scott Crater,ch2_sar_ncxl_20231015t061258777_d_fp_d18.zip,ch2_sar_ncxl_20231015t061258777_d_fp_d18.zip,Yes,1426914546,1.43,-82.140324,43.95219
SP_846040_3080410,Cabeus Crater,ch2_sar_nrxl_20250327t165032158_d_cp_d18.zip,ch2_sar_ncxl_20250327t165032158_d_cp_d18.zip,Yes,142999629,0.14,-85.335795,-59.74011
SP_835090_2977670,Cabeus B Cabeus Crater,ch2_sar_nrxl_20200904t212517034_d_fp_d18.zip,ch2_sar_ncxl_20200904t212517034_d_fp_d18.zip,Yes,4522592297,4.52,-84.501651,-68.074623
SP_832640_0090770,Malapert E Malapert F,ch2_sar_nrxl_20230312t213702625_d_fp_n18.zip,ch2_sar_ncxl_20230312t213702625_d_fp_n18.zip,Yes,1836269034,1.84,-82.365888,13.435518
SP_843560_1239210,Idel'son L,ch2_sar_ncxl_20191009t103018034_d_fp_d18.zip,ch2_sar_ncxl_20191009t103018034_d_fp_d18.zip,Yes,8207226519,8.21,-84.418772,113.725077
SP_848000_2061800,Kuhn Crater,ch2_sar_nrxl_20220404t095543499_d_fp_d18.zip,ch2_sar_ncxl_20220404t095543499_d_fp_d18.zip,Yes,1715470025,1.72,-83.910801,-148.809727
SP_804590_3088780,Cabeus A Cabeus B,ch2_sar_ncxl_20230317t221500130_d_fp_n18.zip,ch2_sar_ncxl_20230317t221500130_d_fp_n18.zip,Yes,1793302802,1.79,-81.471743,-52.184119
SP_836320_2801250,Drygalski Crater Ibn Baja,ch2_sar_nrxl_20220303t082402586_d_fp_d18.zip,ch2_sar_ncxl_20220303t082402586_d_fp_d18.zip,Yes,2075524037,2.08,-82.609568,-78.708806
SP_835240_0910150,Amundsen Crater,ch2_sar_nrxl_20220317t122421278_d_fp_d18.zip,ch2_sar_ncxl_20220317t122421278_d_fp_d18.zip,Yes,1859448858,1.86,-82.463555,92.285739
SP_835620_2995530,Cabeus B Cabeus Crater,ch2_sar_nrxl_20200904t212517034_d_fp_d18.zip,ch2_sar_ncxl_20200904t212517034_d_fp_d18.zip,Yes,4522592297,4.52,-84.501651,-68.074623
SP_843550_2251140,Kocher Crater,ch2_sar_nrxl_20220817t183024203_d_fp_d18.zip,ch2_sar_ncxl_20220817t183024203_d_fp_d18.zip,Yes,1042850425,1.04,-83.37002,-130.418429
SP_837240_2836250,Drygalski Crater Ibn Bajja Crater,ch2_sar_nrxl_20191023t122001856_d_fp_gds.zip,ch2_sar_ncxl_20191023t122001856_d_fp_gds.zip,Yes,2572178038,2.57,-84.841139,-76.24918
SP_843700_3057300,Cabeus Crater,ch2_sar_nrxl_20250327t165032158_d_cp_d18.zip,ch2_sar_ncxl_20250327t165032158_d_cp_d18.zip,Yes,142999629,0.14,-85.335795,-59.74011
SP_809710_0357350,Scott E,ch2_sar_nrxl_20231016t015303179_d_fp_d18.zip,ch2_sar_ncxl_20231016t015303179_d_fp_d18.zip,Yes,1825485853,1.83,-82.022557,33.712952
SP_809640_3141160,Cabeus A,ch2_sar_ncxl_20230317t221500130_d_fp_n18.zip,ch2_sar_ncxl_20230317t221500130_d_fp_n18.zip,Yes,1793302802,1.79,-81.471743,-52.184119
SP_849230_2362280,Kocher Crater,ch2_sar_nrxl_20220402t111742345_d_fp_d18.zip,ch2_sar_ncxl_20220402t111742345_d_fp_d18.zip,Yes,1712676912,1.71,-83.899581,-117.849476
SP_844580_3134320,Cabeus Crater,ch2_sar_ncls_20200305t114902885_d_cp_d18.zip,ch2_sar_ncls_20200305t114902885_d_cp_d18.zip,Yes,1018587670,1.02,-85.562334,-44.646601
SP_841060_3423520,Cabeus Crater,ch2_sar_nrxl_20191115t074934699_d_fp_gds.zip,ch2_sar_ncxl_20191115t074934699_d_fp_gds.zip,Yes,4231345782,4.23,-85.220478,-14.841716
SP_845770_0017070,Malapert Crater,ch2_sar_nrxl_20191018t064039201_d_fp_g26.zip,ch2_sar_ncxl_20191018t064039201_d_fp_g26.zip,Yes,5205681391,5.21,-85.623258,-3.616983
SP_838270_2552930,Ashbrook Crater,ch2_sar_nrxl_20230322t111436084_d_fp_d32.zip,ch2_sar_ncxl_20230322t111436084_d_fp_d32.zip,Yes,1807683869,1.81,-82.715819,-106.959962
SP_810340_0483070,Scott Crater,ch2_sar_ncxl_20231015t001857171_d_fp_d18.zip,ch2_sar_ncxl_20231015t001857171_d_fp_d18.zip,Yes,1583356545,1.58,-82.166124,47.845656
SP_846070_3232410,Cabeus Crater,ch2_sar_nrls_20200305t114902885_d_cp_d18.zip,ch2_sar_ncls_20200305t114902885_d_cp_d18.zip,Yes,1018587670,1.02,-85.562334,-44.646601
SP_836660_0840100,Amundsen Crater,ch2_sar_ncxl_20230404t135410450_d_fp_d32.zip,ch2_sar_ncxl_20230404t135410450_d_fp_d32.zip,Yes,1570341109,1.57,-82.553652,80.503224
SP_838590_2630960,Ashbrook Crater Ibn Bajja Crater,ch2_sar_ncxl_20230321t232628802_d_fp_d32.zip,ch2_sar_ncxl_20230321t232628802_d_fp_d32.zip,Yes,1826260979,1.83,-82.67913,-99.393647
SP_845640_2574190,Ashbrook Crater Ibn Bajja Crater,ch2_sar_nrxl_20200502t153019281_d_fp_d18.zip,ch2_sar_ncxl_20200502t153019281_d_fp_d18.zip,Yes,4200598016,4.2,-85.81462,-105.938949
SP_836140_3528490,Malapert Crater,ch2_sar_nrxl_20220904t150549836_d_fp_d32.zip,ch2_sar_ncxl_20220904t150549836_d_fp_d32.zip,Yes,2085469647,2.09,-82.387572,-10.404432
SP_838780_3211110,Cabeus Crater,ch2_sar_ncxl_20230316t202542245_d_fp_d32.zip,ch2_sar_ncxl_20230316t202542245_d_fp_d32.zip,Yes,1061357169,1.06,-82.630068,-41.697853
SP_837670_3387710,Newton B Cabeus Crater,ch2_sar_nrxl_20220905t144123432_d_fp_d32.zip,ch2_sar_ncxl_20220905t144123432_d_fp_d32.zip,Yes,2123496806,2.12,-82.47655,-22.771924
SP_839950_3514880,Malapert Crater,ch2_sar_nrxl_20191115t074934699_d_fp_gds.zip,ch2_sar_ncxl_20191115t074934699_d_fp_gds.zip,Yes,4231345782,4.23,-85.220478,-14.841716
SP_806710_1408660,Nefed'ev Crater Schrodinger Crater,ch2_sar_ncxl_20230910t032945908_d_fp_d32.zip,ch2_sar_ncxl_20230910t032945908_d_fp_d32.zip,Yes,1623550080,1.62,-81.981722,142.02753
SP_845510_0602900,Nobile Crater Amundsen Crater,ch2_sar_nrxs_20200225t085353645_d_fp_d18.zip,ch2_sar_ncxs_20200225t085353645_d_fp_d18.zip,Yes,3995532253,4.0,-85.965663,60.740755
SP_807910_0455060,Scott Crater,ch2_sar_ncxl_20231015t081058641_d_fp_d18.zip,ch2_sar_ncxl_20231015t081058641_d_fp_d18.zip,Yes,1418573546,1.42,-82.099452,42.95132
SP_841820_2710340,Ashbrook Crater Ibn Bajja Crater,ch2_sar_ncxl_20191023t122001856_d_fp_gds.zip,ch2_sar_ncxl_20191023t122001856_d_fp_gds.zip,Yes,2572178038,2.57,-84.841139,-76.24918
SP_840980_0797630,Amundsen Crater,ch2_sar_ncxl_20231013t070040354_d_fp_d18.zip,ch2_sar_ncxl_20231013t070040354_d_fp_d18.zip,Yes,1886509710,1.89,-82.759846,74.56628
SP_842140_3232340,Cabeus Crater,ch2_sar_nrls_20200305t114902885_d_cp_d18.zip,ch2_sar_ncls_20200305t114902885_d_cp_d18.zip,Yes,1018587670,1.02,-85.562334,-44.646601
SP_841420_0059530,Malapert Crater,ch2_sar_ncxl_20250321t120906842_d_cp_d18.zip,ch2_sar_ncxl_20250321t120906842_d_cp_d18.zip,Yes,78005312,0.08,-85.622393,11.07493
SP_842420_0421060,Scott M,ch2_sar_nrxl_20191013t163951114_d_fp_d18.zip,ch2_sar_ncxl_20191013t163951114_d_fp_d18.zip,Yes,6280953967,6.28,-85.854228,40.073084
SP_842890_0563440,Nobile Crater,ch2_sar_nrxl_20191012t190304893_d_fp_d18.zip,ch2_sar_ncxl_20191012t190304893_d_fp_d18.zip,Yes,6345936855,6.35,-85.804464,51.198417
SP_806510_0507610,Demonax C Scott Crater,ch2_sar_ncxl_20231015t001857171_d_fp_d18.zip,ch2_sar_ncxl_20231015t001857171_d_fp_d18.zip,Yes,1583356545,1.58,-82.166124,47.845656
SP_804240_1354850,Nefed'ev Crater,ch2_sar_ncxl_20230330t135602076_d_fp_d32.zip,ch2_sar_ncxl_20230330t135602076_d_fp_d32.zip,Yes,1616369429,1.62,-82.026377,137.603937
SP_804520_0401760,Scott E,ch2_sar_ncxl_20231015t100859367_d_fp_d18.zip,ch2_sar_ncxl_20231015t100859367_d_fp_d18.zip,Yes,1409151585,1.41,-82.097316,41.873966
SP_804650_0491050,Demonax C Scott Crater,ch2_sar_ncxl_20231015t001857171_d_fp_d18.zip,ch2_sar_ncxl_20231015t001857171_d_fp_d18.zip,Yes,1583356545,1.58,-82.166124,47.845656
SP_802260_0424290,Scott E Scott,ch2_sar_ncxl_20231015t100859367_d_fp_d18.zip,ch2_sar_ncxl_20231015t100859367_d_fp_d18.zip,Yes,1409151585,1.41,-82.097316,41.873966
SP_800780_0456630,Scott Crater,ch2_sar_ncxl_20231015t081058641_d_fp_d18.zip,ch2_sar_ncxl_20231015t081058641_d_fp_d18.zip,Yes,1418573546,1.42,-82.099452,42.95132
